yr,ticker,sec,mb,cr,r40,mc,mom,ret,qqq
2008,AAP,Cons,0.025,0.019,0.222,0.877,-8.6,-9.3,-48.3
2008,ABG,Cons,0.004,0.081,0.148,0.180,-44.8,-83.9,-8.3
2008,AGI,Basi,0.895,0.148,0.708,0.349,17.2,-20.0,-53.1
2008,ALB,Basi,0.459,0.355,0.307,0.904,8.2,-42.7,-30.6
2008,ALGT,Indu,0.673,0.630,0.859,0.207,-24.9,61.1,-86.5
2008,ALV,Cons,0.066,0.213,0.400,0.807,-15.3,-61.6,-18.7
2008,ARLP,Ener,0.355,0.303,0.262,0.570,4.9,-5.7,-50.9
2008,AROC,Ener,0.852,0.985,0.993,0.846,2.3,-75.0,-13.6
2008,ASR,Indu,0.559,0.723,0.807,0.652,18.1,-46.5,-26.9
2008,AVAV,Indu,0.642,0.582,0.421,0.177,-10.0,50.3,-93.6
2008,AVNT,Basi,0.501,0.412,0.219,0.271,-14.8,-65.9,-14.7
2008,AXON,Indu,0.837,0.609,0.924,0.370,38.9,-65.8,-19.8
2008,AZZ,Indu,0.297,0.447,0.768,0.103,27.6,-23.9,-43.6
2008,BAK,Basi,0.714,0.768,0.916,0.892,9.8,-75.9,-14.7
2008,BALL,Cons,0.304,0.261,0.336,0.939,-8.2,-5.0,-45.6
2008,BC,Cons,0.327,0.120,0.183,0.642,-43.3,-82.6,-8.5
2008,BCPC,Basi,0.783,0.943,0.961,0.088,29.2,-3.4,-52.2
2008,BJRI,Cons,0.922,0.114,0.636,0.105,-25.5,-29.0,-32.4
2008,BKNG,Cons,0.844,0.333,0.729,0.988,122.3,-32.8,-33.9
2008,BTE,Ener,0.994,0.691,0.945,0.702,23.9,-59.5,-26.7
2008,BWA,Cons,0.148,0.232,0.463,0.991,23.1,-58.7,-17.6
2008,BYD,Cons,0.951,0.772,0.834,0.735,-50.5,-83.6,-9.0
2008,CASY,Cons,0.060,0.271,0.532,0.565,1.8,-24.6,-45.5
2008,CBRL,Cons,0.388,0.259,0.243,0.432,-18.5,-53.2,-27.3
2008,CBT,Basi,0.570,0.321,0.298,0.706,-33.9,-52.1,-24.0
2008,CDE,Basi,0.946,0.517,0.265,0.810,2.6,-85.5,-7.9
2008,CENX,Basi,0.706,0.516,0.250,0.787,22.2,-94.7,-2.7
2008,CHDN,Cons,0.945,0.802,0.858,0.319,9.7,-45.3,-33.7
2008,CHH,Cons,0.351,0.136,0.747,0.729,-16.8,-24.0,-29.7
2008,CLH,Indu,0.375,0.046,0.492,0.561,31.2,-21.0,-42.6
2008,CLMT,Basi,0.564,0.480,0.405,0.487,-16.2,-66.7,-16.6
2008,CMC,Basi,0.312,0.409,0.432,0.916,12.2,-65.6,-15.5
2008,CMCO,Indu,0.211,0.033,0.427,0.195,-0.2,-53.5,-25.1
2008,CMG,Cons,0.166,0.138,0.723,0.895,76.4,-55.7,-19.9
2008,CMP,Basi,0.678,0.681,0.904,0.618,43.7,38.9,-56.2
2008,CODI,Indu,0.322,0.982,0.964,0.091,-31.2,-29.4,-34.6
2008,CPA,Indu,0.984,0.474,0.003,0.666,-22.0,-27.0,-35.6
2008,CRAI,Indu,0.394,0.193,0.574,0.238,-6.3,-47.7,-35.4
2008,CRI,Cons,0.270,0.576,0.333,0.564,-12.1,-0.1,-30.7
2008,CRK,Ener,0.616,0.933,0.946,0.601,13.4,23.6,-50.1
2008,CROX,Cons,0.502,0.930,0.963,0.808,14.6,-96.3,-1.8
2008,CRS,Basi,0.486,0.298,0.373,0.868,15.8,-73.1,-14.2
2008,CSL,Basi,0.099,0.646,0.511,0.759,-19.4,-50.6,-23.4
2008,CW,Indu,0.052,0.255,0.742,0.681,2.9,-23.3,-34.4
2008,DAC,Indu,0.637,0.331,0.792,0.573,0.4,-83.5,-8.4
2008,DDS,Cons,0.321,0.064,0.124,0.555,-48.3,-79.7,-11.1
2008,DECK,Cons,0.450,0.709,0.933,0.649,106.2,-56.2,-23.8
2008,DHT,Indu,0.391,0.393,0.709,0.069,-18.7,-44.9,-20.3
2008,DINO,Ener,0.795,0.579,0.829,0.817,0.2,-51.7,-21.1
2008,DKS,Cons,0.276,0.250,0.561,0.841,-6.8,-56.9,-28.6
2008,DMLP,Ener,0.079,0.787,0.925,0.286,-1.6,-12.0,-17.9
2008,DRI,Cons,0.315,0.402,0.534,0.918,-27.7,-3.6,-51.4
2008,DY,Indu,0.469,0.207,0.223,0.276,-34.8,-68.3,-18.5
2008,EBF,Indu,0.108,0.166,0.412,0.160,-27.9,-48.2,-21.8
2008,EGY,Ener,0.928,0.909,0.981,0.000,-11.1,3.2,-51.3
2008,ENS,Indu,0.247,0.366,0.795,0.550,56.1,-61.9,-16.5
2008,EPAC,Indu,0.028,0.016,0.549,0.700,13.7,-71.8,-12.4
2008,EQT,Ener,0.655,0.448,0.625,0.906,28.5,-32.0,-33.1
2008,ESLT,Indu,0.349,0.295,0.622,0.786,72.8,-24.0,-43.1
2008,EXP,Basi,0.823,0.702,0.130,0.624,-30.1,-48.2,-25.0
2008,EXPE,Cons,0.214,0.294,0.751,0.882,6.4,-64.0,-17.1
2008,FCN,Indu,0.285,0.427,0.783,0.798,68.8,-34.6,-39.4
2008,FIX,Indu,0.289,0.253,0.282,0.166,-18.1,-20.0,-43.9
2008,FMC,Basi,0.291,0.052,0.411,0.874,37.7,-13.6,-37.4
2008,FRO,Indu,0.909,0.703,0.315,0.889,36.1,-50.2,-26.8
2008,FSS,Indu,0.498,0.235,0.351,0.282,-25.6,-48.5,-28.3
2008,FTK,Ener,0.330,0.832,0.753,0.714,-17.8,-90.9,-4.0
2008,FUL,Basi,0.229,0.249,0.138,0.574,-22.9,-36.5,-37.0
2008,FUN,Cons,0.985,0.837,0.067,0.538,-22.4,-55.4,-19.1
2008,FWRD,Indu,0.250,0.196,0.712,0.417,-3.9,-23.5,-31.0
2008,GEO,Indu,0.268,0.531,0.303,0.577,9.0,-43.1,-27.5
2008,GIL,Cons,0.282,0.498,0.804,0.957,43.2,-70.9,-13.5
2008,GLNG,Ener,0.708,0.759,0.465,0.598,64.3,-76.6,-13.7
2008,GNTX,Cons,0.039,0.112,0.628,0.763,-9.8,-45.3,-25.4
2008,GRC,Indu,0.339,0.309,0.546,0.184,-4.6,-1.4,-44.5
2008,HBM,Basi,0.804,0.840,0.466,0.726,-11.3,-73.0,-15.1
2008,HEI,Indu,0.186,0.334,0.642,0.552,24.8,-29.2,-41.3
2008,HL,Basi,0.835,0.924,0.118,0.553,25.8,-83.0,-8.6
2008,HLIO,Indu,0.234,0.067,0.681,0.139,58.8,-47.8,-29.2
2008,HLX,Ener,0.919,0.741,0.649,0.849,-1.6,-91.3,-5.1
2008,HNI,Cons,0.094,0.297,0.193,0.606,-33.5,-60.1,-16.2
2008,HP,Ener,0.162,0.528,0.810,0.940,41.0,-36.9,-30.8
2008,HTLD,Indu,0.937,0.106,0.042,0.592,-8.8,-10.4,-48.5
2008,HUBG,Indu,0.015,0.097,0.238,0.486,-8.1,-24.2,-31.1
2008,HURN,Indu,0.309,0.636,0.868,0.451,-9.3,-15.9,-48.5
2008,IAG,Basi,0.936,0.940,0.877,0.760,2.0,12.8,-63.3
2008,ICFI,Indu,0.808,0.961,0.888,0.054,28.6,-0.8,-56.3
2008,IFF,Basi,0.076,0.111,0.396,0.864,-18.0,-29.4,-34.1
2008,IOSP,Basi,0.541,0.562,0.258,0.097,-39.7,-72.8,-12.9
2008,IT,Indu,0.340,0.129,0.634,0.654,-21.0,-13.3,-38.3
2008,JHX,Basi,0.220,0.322,0.117,0.802,-25.1,-41.5,-13.4
2008,KAI,Indu,0.135,0.598,0.456,0.130,10.3,-72.9,-18.5
2008,KEX,Indu,0.124,0.153,0.730,0.769,18.7,-42.2,-29.7
2008,KFRC,Indu,0.142,0.084,0.297,0.060,-39.6,-11.3,-34.3
2008,KMX,Cons,0.007,0.183,0.237,0.963,-18.8,-37.9,-29.7
2008,KNX,Indu,0.589,0.258,0.363,0.481,-13.5,-21.6,-39.3
2008,KRO,Basi,0.597,0.132,0.195,0.433,-49.2,-62.4,-21.2
2008,LCII,Cons,0.300,0.622,0.195,0.264,-1.3,-71.7,-13.5
2008,LEU,Ener,0.763,0.888,0.372,0.474,-39.5,-41.2,-30.9
2008,LKQ,Cons,0.027,0.754,0.957,0.835,106.0,-47.5,-28.8
2008,LNN,Indu,0.294,0.549,0.928,0.498,176.4,-69.5,-11.4
2008,LQDT,Cons,0.913,0.087,0.670,0.057,-39.5,-43.7,-24.8
2008,LXU,Basi,0.493,0.280,0.330,0.187,102.5,-60.6,-21.4
2008,LZB,Cons,0.346,0.226,0.114,0.138,-42.6,-88.4,-5.1
2008,MAN,Indu,0.114,0.156,0.547,0.981,-19.8,-51.8,-26.5
2008,MATV,Basi,0.483,0.225,0.321,0.075,-4.9,-9.8,-45.9
2008,MCRI,Cons,0.345,0.078,0.309,0.082,-19.9,-59.3,-21.9
2008,MEOH,Basi,0.924,0.708,0.732,0.753,-0.8,-60.2,-20.0
2008,MGRC,Indu,0.420,0.289,0.619,0.192,-37.3,1.5,-52.0
2008,MIDD,Indu,0.165,0.450,0.865,0.420,15.0,-67.3,-21.7
2008,MLI,Indu,0.534,0.790,0.448,0.222,-15.5,-24.9,-34.5
2008,MLKN,Cons,0.063,0.130,0.295,0.658,-23.6,-66.4,-14.8
2008,MLM,Basi,0.696,0.279,0.379,0.967,-14.4,-24.6,-33.6
2008,MOD,Indu,0.204,0.174,0.150,0.196,-41.6,-93.8,-3.0
2008,MOV,Cons,0.154,0.184,0.135,0.259,-24.9,-61.5,-14.2
2008,MTRN,Basi,0.619,0.487,0.475,0.217,-40.2,-46.5,-24.5
2008,MTX,Basi,0.396,0.082,0.561,0.480,-8.5,-29.5,-35.9
2008,MTZ,Indu,0.258,0.621,0.357,0.243,-28.1,18.6,-72.2
2008,MWA,Indu,0.348,0.994,0.163,0.445,-44.1,-11.5,-42.9
2008,MYE,Cons,0.535,0.442,0.429,0.153,-31.4,-72.0,-16.0
2008,NAT,Indu,0.921,0.895,0.660,0.421,-16.6,0.2,-43.4
2008,NPO,Indu,0.307,0.115,0.252,0.300,-22.8,-29.7,-32.1
2008,NWPX,Indu,0.160,0.486,0.247,0.064,12.0,-25.6,-37.1
2008,NX,Basi,0.775,0.684,0.015,0.705,33.7,-85.3,-8.5
2008,OII,Ener,0.295,0.346,0.811,0.898,53.6,-53.3,-23.5
2008,OIS,Ener,0.219,0.541,0.612,0.495,29.3,-56.6,-21.5
2008,OKE,Ener,0.253,0.729,0.655,0.976,14.4,-50.2,-25.9
2008,OLN,Basi,0.693,0.849,0.039,0.585,6.6,-10.3,-47.9
2008,ORLY,Cons,0.012,0.030,0.366,0.852,-16.3,-1.6,-48.9
2008,OSK,Indu,0.033,0.877,0.813,0.870,-19.8,-74.6,-12.7
2008,OXM,Cons,0.246,0.993,0.958,0.106,-55.2,-68.1,-13.3
2008,PAAS,Basi,0.802,0.948,0.592,0.832,25.7,-52.8,-23.1
2008,PDS,Ener,0.766,0.835,0.207,0.954,-10.8,-80.2,-8.0
2008,PENN,Cons,0.168,0.904,0.319,0.457,8.1,-65.0,-15.4
2008,PII,Cons,0.187,0.436,0.612,0.600,-7.0,-46.0,-25.0
2008,PKE,Indu,0.132,0.469,0.304,0.294,3.2,-37.3,-28.2
2008,PKG,Cons,0.555,0.127,0.343,0.801,11.9,-46.5,-26.8
2008,PNR,Indu,0.216,0.040,0.454,0.747,1.9,-31.0,-33.4
2008,POOL,Indu,0.193,0.484,0.100,0.456,-46.6,-22.6,-37.8
2008,POWL,Indu,0.222,0.589,0.486,0.174,27.9,-33.9,-24.1
2008,PTEN,Ener,0.726,0.852,0.192,0.879,-4.4,-55.9,-20.1
2008,PVH,Cons,0.153,0.265,0.286,0.723,-37.0,-53.4,-24.6
2008,PWR,Indu,0.352,0.508,0.808,0.942,6.2,-34.9,-36.6
2008,RBA,Indu,0.409,0.894,0.978,0.795,26.9,-37.6,-32.6
2008,RBC,Indu,0.298,0.073,0.478,0.378,-23.2,-9.4,-40.0
2008,RES,Ener,0.592,0.499,0.637,0.471,-38.9,-17.9,-41.2
2008,RGLD,Basi,0.843,0.828,0.823,0.427,-8.2,53.5,-78.1
2008,RHI,Indu,0.016,0.028,0.502,0.925,-38.6,-27.0,-37.6
2008,ROST,Cons,0.159,0.069,0.256,0.912,-16.4,22.4,-51.8
2008,RRX,Indu,0.073,0.378,0.699,0.543,-21.5,-11.4,-38.4
2008,RS,Basi,0.145,0.846,0.354,0.919,18.4,-60.3,-19.4
2008,RUSHA,Cons,0.235,0.688,0.063,0.168,32.3,-40.8,-23.2
2008,SAH,Cons,0.000,0.057,0.255,0.396,-32.2,-66.6,-9.6
2008,SGI,Cons,0.702,0.658,0.094,0.336,-32.4,-61.2,-17.4
2008,SHOO,Cons,0.280,0.615,0.127,0.078,-36.0,-6.7,-53.2
2008,SKY,Cons,0.442,0.697,0.058,0.526,-28.6,-28.5,-41.0
2008,SM,Ener,0.954,0.588,0.814,0.499,-6.5,-54.2,-23.2
2008,SMG,Basi,0.871,0.126,0.106,0.739,-37.1,-6.7,-47.3
2008,SSD,Basi,0.481,0.337,0.145,0.534,-26.9,-15.5,-37.3
2008,STLD,Basi,0.601,0.739,0.931,1.000,51.6,-58.8,-22.0
2008,STN,Indu,0.982,0.727,0.510,0.633,39.0,-42.0,-30.3
2008,SWK,Indu,0.208,0.189,0.552,0.924,-7.5,-36.7,-32.4
2008,TCOM,Cons,0.264,0.921,0.190,0.903,54.2,-37.8,-17.3
2008,TDG,Indu,0.127,0.307,0.892,0.745,35.4,-21.8,-36.4
2008,TFII,Indu,0.040,0.675,0.777,0.322,-37.6,-58.3,-20.7
2008,THO,Cons,0.156,0.414,0.204,0.636,-36.0,-63.4,-20.8
2008,TK,Ener,0.624,0.483,0.477,0.861,-24.5,-56.7,-20.2
2008,TKR,Indu,0.393,0.574,0.744,0.720,2.1,-41.9,-28.3
2008,TRN,Indu,0.141,0.372,0.759,0.664,-31.7,-65.3,-17.5
2008,TSCO,Cons,0.088,0.160,0.435,0.556,-33.3,1.8,-52.2
2008,TTEK,Indu,0.100,0.552,0.610,0.507,5.0,12.4,-57.7
2008,UAA,Cons,0.225,0.351,0.760,0.717,-14.7,-51.7,-23.5
2008,UFPI,Basi,0.265,0.501,0.142,0.289,-34.4,-34.2,-28.5
2008,ULH,Indu,0.526,0.348,0.213,0.034,-26.0,-46.4,-28.0
2008,URBN,Cons,0.262,0.217,0.765,0.994,15.6,-44.0,-30.4
2008,URI,Indu,0.721,0.532,0.763,0.733,-34.4,-76.2,-12.7
2008,VMI,Indu,0.075,0.192,0.538,0.754,49.4,-52.4,-21.2
2008,WAB,Indu,0.244,0.423,0.663,0.663,1.8,-26.6,-41.3
2008,WCC,Indu,0.001,0.205,0.301,0.687,-34.9,-55.9,-21.5
2008,WCN,Indu,0.115,0.004,0.684,0.711,2.4,-5.6,-38.2
2008,WEN,Cons,0.883,0.991,0.300,0.366,-55.1,-41.4,-13.2
2008,WFG,Basi,0.993,0.694,0.738,0.531,-19.3,-22.6,-38.9
2008,WGO,Cons,0.399,0.420,0.084,0.232,-45.6,-70.2,-13.5
2008,WLK,Basi,0.834,0.687,0.855,0.492,-47.6,-20.8,-39.4
2008,WOR,Indu,0.456,0.159,0.226,0.397,-17.8,-48.7,-21.6
2008,WPM,Basi,0.697,0.949,0.898,0.937,53.6,-55.0,-22.6
2008,WSO,Indu,0.003,0.312,0.178,0.460,-31.4,-0.3,-43.6
2008,WTI,Ener,0.772,0.676,0.790,0.840,36.3,-73.5,-14.4
2008,WWW,Cons,0.195,0.010,0.280,0.516,-24.3,-21.5,-38.1
2010,AAL,Indu,0.760,0.275,0.144,0.376,-23.9,76.3,34.7
2010,AAP,Cons,0.143,0.076,0.285,0.916,31.4,51.4,35.1
2010,ABG,Cons,0.028,0.419,0.591,0.068,315.2,56.3,37.6
2010,ACM,Indu,0.000,0.374,0.352,0.847,0.4,4.5,26.4
2010,AGCO,Indu,0.137,0.668,0.163,0.838,33.2,68.1,42.4
2010,AGI,Basi,0.761,0.820,0.964,0.636,143.3,23.8,19.3
2010,ALB,Basi,0.402,0.441,0.594,0.872,62.2,58.1,32.3
2010,ALGT,Indu,0.920,0.451,0.623,0.469,34.5,-7.4,19.0
2010,ALK,Indu,0.955,0.160,0.397,0.525,18.3,86.4,42.6
2010,ALV,Cons,0.588,0.697,0.838,0.814,123.8,79.4,42.3
2010,AMSC,Indu,0.707,0.614,0.959,0.635,115.5,-23.6,16.9
2010,ARLP,Ener,0.598,0.157,0.441,0.616,34.0,65.0,36.0
2010,AROC,Ener,0.448,0.964,0.210,0.412,28.9,0.4,21.2
2010,ASR,Indu,0.590,0.530,0.672,0.619,72.3,1.5,21.7
2010,ATI,Indu,0.715,0.560,0.127,0.948,90.3,36.6,28.6
2010,AVAV,Indu,0.559,0.491,0.693,0.214,-22.2,18.7,21.6
2010,AVNT,Basi,0.543,0.473,0.357,0.320,202.1,86.1,46.9
2010,AXON,Indu,0.469,0.584,0.869,0.146,53.8,-41.7,12.5
2010,AZZ,Indu,0.381,0.537,0.205,0.108,16.8,21.2,20.3
2010,BALL,Cons,0.154,0.102,0.501,0.987,25.8,41.9,33.2
2010,BC,Cons,0.578,0.445,0.052,0.450,282.9,88.2,44.0
2010,BCPC,Basi,0.664,0.806,0.667,0.290,65.0,62.1,36.7
2010,BJRI,Cons,0.964,0.033,0.518,0.252,103.9,75.5,43.2
2010,BTE,Ener,0.776,0.965,0.767,0.900,252.7,68.0,28.9
2010,BWA,Cons,0.587,0.667,0.735,0.934,62.2,102.0,49.7
2010,BYD,Cons,0.242,0.003,0.226,0.325,80.0,30.8,27.7
2010,CAKE,Cons,0.996,0.066,0.266,0.563,133.8,34.6,33.1
2010,CAR,Indu,0.798,0.197,0.083,0.578,2562.0,16.8,27.8
2010,CASY,Cons,0.441,0.620,0.732,0.630,66.8,30.5,25.8
2010,CBRL,Cons,0.214,0.006,0.393,0.448,102.7,26.0,31.3
2010,CBT,Basi,0.426,0.690,0.435,0.652,70.3,54.2,32.1
2010,CBZ,Indu,0.640,0.112,0.229,0.076,-23.2,15.0,27.9
2010,CE,Basi,0.636,0.608,0.504,0.971,214.9,38.7,31.9
2010,CECO,Indu,0.493,0.456,0.012,0.124,31.6,-24.0,13.3
2010,CHH,Cons,0.167,0.243,0.498,0.683,30.1,30.2,33.4
2010,CLH,Indu,0.249,0.316,0.355,0.574,3.2,71.8,37.4
2010,CLMT,Basi,0.677,0.849,0.282,0.281,62.6,19.9,28.5
2010,CMG,Cons,0.729,0.100,0.643,0.852,113.0,150.0,61.5
2010,CMP,Basi,0.747,0.747,0.429,0.715,3.6,44.2,37.5
2010,CODI,Indu,0.051,0.891,0.247,0.201,61.4,11.9,20.1
2010,CPA,Indu,0.881,0.368,0.686,0.735,69.4,13.3,29.2
2010,CRI,Cons,0.348,0.111,0.624,0.606,70.8,-4.5,11.6
2010,CRK,Ener,0.748,0.853,0.076,0.646,-7.3,-28.7,18.3
2010,CROX,Cons,0.726,0.646,0.239,0.304,543.8,120.2,46.6
2010,CRS,Basi,0.672,0.426,0.092,0.541,50.0,48.9,31.9
2010,CSL,Basi,0.368,0.418,0.402,0.723,82.3,8.9,25.6
2010,CTRN,Cons,0.068,0.162,0.649,0.134,93.6,-27.5,11.3
2010,CW,Indu,0.108,0.303,0.419,0.571,1.4,20.4,29.1
2010,DDS,Cons,0.477,0.028,0.237,0.613,567.7,109.5,47.5
2010,DECK,Cons,0.523,0.543,0.830,0.581,100.7,146.3,52.1
2010,DINO,Ener,0.731,0.878,0.927,0.587,3.2,113.1,45.1
2010,DKS,Cons,0.140,0.032,0.553,0.833,98.2,48.0,26.9
2010,DY,Indu,0.220,0.186,0.151,0.031,78.9,109.7,49.4
2010,EBF,Indu,0.306,0.310,0.512,0.151,97.5,1.4,13.8
2010,EMBJ,Indu,0.850,0.539,0.098,0.949,59.9,46.4,20.7
2010,ENS,Indu,0.336,0.728,0.279,0.459,119.6,67.7,40.8
2010,EPAC,Indu,0.150,0.429,0.326,0.617,155.6,33.5,16.0
2010,EQT,Ener,0.962,0.541,0.521,0.850,25.2,3.4,24.2
2010,ESLT,Indu,0.111,0.416,0.418,0.789,41.1,-18.9,13.1
2010,EXP,Basi,0.585,0.549,0.116,0.460,10.7,25.1,25.3
2010,EXPE,Cons,0.109,0.274,0.712,0.843,169.2,19.6,29.4
2010,FCN,Indu,0.125,0.326,0.652,0.697,-11.4,-2.8,20.3
2010,FIX,Indu,0.156,0.464,0.131,0.144,42.2,9.4,23.4
2010,FMC,Basi,0.342,0.386,0.319,0.856,14.2,57.9,40.6
2010,FRO,Indu,0.753,0.917,0.049,0.710,29.1,-2.9,23.1
2010,FSS,Indu,0.146,0.095,0.130,0.057,7.4,-28.2,14.7
2010,FUL,Basi,0.416,0.211,0.383,0.502,73.0,-13.5,15.9
2010,FWRD,Indu,0.255,0.466,0.345,0.291,0.5,30.2,35.1
2010,GEL,Ener,0.354,0.980,0.492,0.360,93.3,49.5,32.8
2010,GIII,Cons,0.658,0.755,0.576,0.130,368.1,33.2,18.1
2010,GIL,Cons,0.771,0.591,0.726,0.801,120.0,39.3,35.1
2010,GLNG,Ener,0.870,0.208,0.777,0.410,156.3,116.3,47.5
2010,GME,Cons,0.236,0.383,0.421,0.891,-19.2,-0.2,14.1
2010,GNTX,Cons,0.629,0.687,0.907,0.786,118.4,64.4,38.4
2010,GPK,Cons,0.268,0.812,0.268,0.524,113.0,44.4,31.7
2010,GPRE,Basi,0.961,0.967,0.972,0.127,457.0,-29.4,15.0
2010,GRC,Indu,0.202,0.360,0.148,0.100,2.6,34.9,33.2
2010,GT,Cons,0.613,0.370,0.517,0.876,124.1,-12.5,19.8
2010,HBM,Basi,0.837,0.981,0.999,0.707,207.0,29.5,26.7
2010,HEI,Indu,0.240,0.262,0.604,0.534,36.9,50.3,36.1
2010,HL,Basi,0.968,0.951,0.993,0.552,217.6,95.4,41.4
2010,HLIO,Indu,0.795,0.719,0.162,0.131,107.3,46.6,28.9
2010,HNI,Cons,0.301,0.376,0.070,0.512,113.6,25.2,31.6
2010,HP,Ener,0.293,0.722,0.169,0.981,96.8,17.5,27.5
2010,HTLD,Indu,0.809,0.440,0.306,0.565,8.9,8.2,22.6
2010,HUBG,Indu,0.029,0.467,0.250,0.434,23.7,44.3,33.7
2010,HUN,Basi,0.489,0.457,0.338,0.846,464.8,43.1,34.2
2010,HURN,Indu,0.297,0.390,0.466,0.148,-44.2,32.8,33.0
2010,ICFI,Indu,0.475,0.220,0.451,0.175,9.6,-7.1,16.4
2010,IFF,Basi,0.035,0.143,0.640,0.859,27.0,42.3,36.4
2010,IT,Indu,0.067,0.277,0.374,0.702,89.2,72.2,42.8
2010,J,Indu,0.087,0.639,0.119,0.945,-1.5,24.5,25.4
2010,JBTM,Indu,0.195,0.403,0.364,0.194,67.7,9.5,17.6
2010,KEX,Indu,0.346,0.483,0.252,0.690,39.0,22.2,25.6
2010,KFRC,Indu,0.271,0.096,0.227,0.226,90.3,36.3,34.4
2010,KFY,Indu,0.999,0.622,0.413,0.390,129.4,20.7,22.3
2010,KNX,Indu,0.670,0.345,0.397,0.515,41.6,0.2,21.0
2010,KRO,Basi,0.390,0.710,0.655,0.344,15.6,248.6,67.2
2010,LCII,Cons,0.770,0.680,0.795,0.162,189.7,10.2,26.8
2010,LEU,Ener,0.777,0.841,0.635,0.259,-0.4,11.0,25.2
2010,LKQ,Cons,0.135,0.875,0.680,0.796,57.8,31.8,27.9
2010,LNN,Indu,0.412,0.892,0.774,0.208,56.6,83.8,28.7
2010,LQDT,Cons,0.754,0.547,0.654,0.000,45.0,34.6,33.9
2010,LZB,Cons,0.376,0.207,0.416,0.266,1165.2,-27.9,17.6
2010,MAN,Indu,0.151,0.536,0.231,0.965,99.2,19.5,28.1
2010,MATV,Basi,0.786,0.229,0.447,0.544,235.1,-14.9,20.9
2010,MATX,Indu,0.300,0.670,0.188,0.333,51.4,25.2,28.7
2010,MELI,Cons,0.020,0.686,0.934,0.668,177.7,68.2,36.3
2010,MEOH,Basi,0.811,0.831,0.328,0.728,165.8,25.4,26.2
2010,MGM,Cons,0.624,0.144,0.044,0.988,256.4,43.9,33.5
2010,MGRC,Indu,0.434,0.250,0.389,0.237,21.3,9.5,23.9
2010,MIDD,Indu,0.089,0.600,0.562,0.346,126.7,84.3,36.4
2010,MLCO,Cons,0.706,0.945,0.780,0.655,27.8,75.8,45.1
2010,MLI,Indu,0.189,0.630,0.242,0.160,19.8,32.4,29.2
2010,MLKN,Cons,0.186,0.393,0.255,0.511,94.5,27.5,18.0
2010,MLM,Basi,0.646,0.192,0.134,0.879,-7.2,16.7,29.4
2010,MOD,Indu,0.303,0.721,0.143,0.167,955.7,61.1,35.5
2010,MTRN,Basi,0.457,0.421,0.360,0.109,40.3,71.8,36.4
2010,MTX,Basi,0.377,0.367,0.396,0.413,22.1,35.5,34.1
2010,MTZ,Indu,0.066,0.422,0.619,0.461,39.2,21.0,26.4
2010,MWA,Indu,0.505,0.313,0.147,0.332,-29.7,-14.5,18.9
2010,MYE,Cons,0.405,0.261,0.290,0.047,227.8,-0.3,24.2
2010,MYRG,Indu,0.639,0.227,0.424,0.052,19.3,29.2,22.5
2010,NAT,Indu,0.975,0.948,0.026,0.556,-4.4,-14.0,21.6
2010,NMM,Indu,0.370,0.434,0.905,0.153,115.3,11.6,22.0
2010,NPK,Indu,0.521,0.771,0.632,0.389,141.4,3.5,24.5
2010,NPO,Indu,0.616,0.643,0.007,0.205,12.0,69.7,43.0
2010,NX,Basi,0.745,0.713,0.745,0.255,113.5,19.8,25.3
2010,OII,Ener,0.044,0.325,0.297,0.844,83.0,41.2,33.6
2010,OIS,Ener,0.274,0.817,0.077,0.514,137.4,88.8,45.3
2010,OKE,Ener,0.582,0.830,0.770,0.926,88.0,48.7,35.4
2010,OLN,Basi,0.371,0.706,0.179,0.559,1.6,15.0,23.6
2010,OSK,Indu,0.476,0.790,0.948,0.865,388.3,1.8,24.3
2010,OXM,Cons,0.351,0.472,0.272,0.080,263.9,3.5,15.2
2010,PAAS,Basi,0.901,0.972,0.997,0.766,41.4,55.0,37.7
2010,PDS,Ener,0.530,0.489,0.164,0.739,114.7,29.7,31.7
2010,PII,Cons,0.199,0.450,0.335,0.608,107.6,71.8,40.2
2010,PKE,Indu,0.693,0.645,0.892,0.278,63.3,5.2,17.3
2010,PKG,Cons,0.233,0.132,0.424,0.734,76.8,31.8,26.9
2010,PNR,Indu,0.197,0.287,0.303,0.706,30.3,16.6,25.7
2010,POOL,Indu,0.009,0.044,0.109,0.454,53.6,25.1,29.8
2010,POWL,Indu,0.459,0.272,0.178,0.058,7.7,24.0,26.8
2010,PTEN,Ener,0.584,0.799,0.016,0.779,79.5,44.9,33.8
2010,PVH,Cons,0.710,0.099,0.491,0.828,192.2,9.0,17.1
2010,PWR,Indu,0.210,0.786,0.477,0.929,2.9,17.5,25.3
2010,RBC,Indu,0.295,0.514,0.182,0.467,52.6,50.7,39.4
2010,RES,Ener,0.758,0.751,0.057,0.531,46.9,105.5,43.0
2010,RGLD,Basi,0.282,0.847,0.984,0.651,-9.2,13.5,28.6
2010,RHI,Indu,0.456,0.576,0.102,0.917,45.6,26.0,28.9
2010,RRX,Indu,0.345,0.635,0.377,0.686,50.5,38.2,31.9
2010,RS,Basi,0.550,0.748,0.073,0.860,75.0,28.6,30.7
2010,SAH,Cons,0.063,0.814,0.904,0.217,256.0,51.2,37.5
2010,SB,Indu,0.389,0.705,0.854,0.150,14.3,8.2,27.8
2010,SGI,Cons,0.755,0.774,0.879,0.626,222.6,92.0,19.1
2010,SHOO,Cons,0.338,0.125,0.582,0.364,134.5,59.0,38.3
2010,SIG,Cons,0.889,0.741,0.607,0.767,128.4,56.9,25.1
2010,SM,Ener,0.757,0.825,0.243,0.480,122.6,99.4,41.7
2010,SMG,Basi,0.806,0.082,0.087,0.795,19.6,33.1,31.5
2010,SSD,Basi,0.656,0.242,0.156,0.536,21.0,18.6,27.7
2010,STLD,Basi,0.617,0.974,0.325,0.881,55.5,11.3,23.6
2010,STN,Indu,0.908,0.517,0.472,0.507,33.8,15.3,24.4
2010,TCOM,Cons,0.231,0.897,0.985,0.996,101.1,22.9,29.4
2010,TDG,Indu,0.175,0.131,0.814,0.777,30.3,65.4,41.4
2010,TEN,Ener,0.290,0.444,0.467,0.980,-19.5,-39.1,9.5
2010,TFII,Indu,0.124,0.898,0.965,0.373,142.1,58.2,33.5
2010,THO,Cons,0.218,0.857,0.945,0.694,265.7,-10.1,16.6
2010,TK,Ener,0.857,0.783,0.066,0.661,27.6,45.7,28.4
2010,TKR,Indu,0.482,0.664,0.054,0.640,53.0,115.7,50.0
2010,TNK,Indu,0.860,0.508,0.349,0.029,-21.0,3.9,20.2
2010,TPC,Indu,0.106,0.552,0.082,0.464,29.0,10.2,23.3
2010,TREX,Indu,0.507,0.785,0.924,0.013,121.9,33.4,29.8
2010,TRN,Indu,0.281,0.592,0.074,0.435,69.2,80.0,42.9
2010,TSCO,Cons,0.169,0.080,0.486,0.689,48.3,85.4,38.8
2010,TTEK,Indu,0.098,0.610,0.175,0.623,11.8,-2.0,21.2
2010,TTI,Ener,0.862,0.320,0.406,0.367,252.4,25.3,26.7
2010,UAA,Cons,0.460,0.246,0.755,0.562,38.2,105.3,48.0
2010,UFPI,Basi,0.294,0.151,0.108,0.300,60.5,15.2,30.5
2010,ULTA,Cons,0.115,0.109,0.636,0.549,243.0,91.0,32.4
2010,URI,Indu,0.705,0.926,0.096,0.186,98.3,220.7,69.4
2010,VMI,Indu,0.326,0.470,0.191,0.681,84.7,35.6,33.5
2010,WAB,Indu,0.049,0.361,0.274,0.675,33.3,48.8,36.9
2010,WCC,Indu,0.006,0.342,0.132,0.540,54.0,88.3,44.0
2010,WCN,Indu,0.093,0.068,0.769,0.764,15.1,43.1,37.2
2010,WEN,Cons,0.716,0.978,0.255,0.712,1.3,1.3,19.3
2010,WOR,Indu,0.537,0.691,0.061,0.380,36.9,14.7,18.9
2010,WSO,Indu,0.116,0.763,0.910,0.656,67.4,10.9,26.5
2010,WWW,Cons,0.180,0.128,0.278,0.539,38.6,27.2,27.5
2012,AAL,Indu,0.819,0.049,0.122,0.506,-11.4,61.0,9.3
2012,ABG,Cons,0.019,0.440,0.705,0.371,36.5,36.2,9.1
2012,AG,Basi,0.910,0.888,0.956,0.735,26.7,-10.5,2.9
2012,AGI,Basi,0.601,0.971,0.895,0.771,24.1,-34.4,3.4
2012,ALGT,Indu,0.677,0.036,0.608,0.462,20.9,35.9,12.4
2012,ALK,Indu,0.926,0.017,0.459,0.799,18.9,28.3,14.0
2012,ALV,Cons,0.101,0.710,0.429,0.968,-15.5,2.8,7.0
2012,AMRC,Indu,0.105,0.546,0.312,0.246,-3.1,-45.7,3.3
2012,ARLP,Ener,0.282,0.373,0.644,0.823,14.3,-18.6,8.2
2012,AROC,Ener,0.576,0.383,0.378,0.171,-35.1,59.4,6.2
2012,ASR,Indu,0.915,0.662,0.737,0.719,27.8,85.2,9.4
2012,AVAV,Indu,0.708,0.673,0.138,0.214,-5.3,-19.4,4.9
2012,AVNT,Basi,0.201,0.426,0.153,0.549,10.4,55.5,8.6
2012,AZZ,Indu,0.219,0.633,0.604,0.196,17.6,76.8,23.2
2012,BC,Cons,0.523,0.356,0.241,0.700,2.8,56.8,17.1
2012,BCPC,Basi,0.146,0.195,0.451,0.379,-19.4,29.1,6.0
2012,BJRI,Cons,0.885,0.069,0.704,0.617,39.1,-38.4,3.8
2012,BYD,Cons,0.022,0.963,0.414,0.304,-13.1,-25.0,4.2
2012,CAKE,Cons,0.995,0.062,0.504,0.664,4.0,5.5,7.2
2012,CAR,Indu,0.890,0.346,0.591,0.610,-6.8,59.3,11.7
2012,CASY,Cons,0.182,0.278,0.404,0.705,26.1,12.4,7.5
2012,CBRL,Cons,0.364,0.001,0.319,0.551,16.0,15.7,4.7
2012,CBT,Basi,0.613,0.628,0.278,0.773,-9.3,14.7,10.5
2012,CDE,Basi,0.924,0.910,0.773,0.797,-7.0,-35.9,3.3
2012,CHDN,Cons,0.888,0.831,0.103,0.396,30.7,24.7,2.8
2012,CHH,Cons,0.086,0.129,0.613,0.741,-7.2,-0.3,6.4
2012,CLH,Indu,0.309,0.838,0.544,0.905,46.3,-27.6,5.2
2012,CLMT,Basi,0.358,0.564,0.923,0.404,-3.7,58.4,11.6
2012,CMC,Basi,0.206,0.505,0.358,0.665,-14.5,3.7,13.7
2012,CMP,Basi,0.573,0.436,0.233,0.767,-22.8,-0.3,7.9
2012,CMRE,Indu,0.318,0.376,0.863,0.247,-10.7,5.8,9.7
2012,CODI,Indu,0.719,0.446,0.663,0.262,-4.3,9.3,7.4
2012,CPA,Indu,0.762,0.362,0.792,0.842,21.5,59.5,11.8
2012,CPS,Cons,0.190,0.471,0.440,0.331,-4.8,-14.6,2.8
2012,CRI,Cons,0.645,0.501,0.633,0.822,76.2,21.3,3.9
2012,CRK,Ener,0.586,0.777,0.300,0.199,-54.1,14.0,10.1
2012,CROX,Cons,0.582,0.223,0.399,0.672,12.9,-28.0,4.8
2012,CRS,Basi,0.512,0.528,0.535,0.785,30.5,-6.1,9.5
2012,CSL,Basi,0.024,0.335,0.646,0.836,12.8,35.4,12.3
2012,CVCO,Cons,0.700,0.965,0.995,0.049,37.9,-3.9,6.5
2012,CVI,Ener,0.735,0.519,0.135,0.724,56.7,98.8,14.2
2012,CW,Indu,0.077,0.033,0.431,0.663,4.5,-1.2,7.0
2012,CYD,Indu,0.738,0.469,0.260,0.213,-45.8,-5.6,-0.2
2012,DAC,Indu,0.394,0.333,0.913,0.110,-14.3,-3.9,6.2
2012,DCH,Cons,0.109,0.835,0.313,0.415,-12.6,-6.6,7.3
2012,DDS,Cons,0.359,0.023,0.301,0.833,43.0,46.8,7.4
2012,DECK,Cons,0.606,0.395,0.905,0.894,0.5,-55.3,2.3
2012,DHI,Cons,0.183,0.745,0.438,0.976,12.3,48.1,14.9
2012,DMLP,Ener,0.108,0.760,0.974,0.269,-14.3,0.7,4.8
2012,DXPE,Indu,0.004,0.329,0.690,0.164,86.1,51.7,4.9
2012,DY,Indu,0.251,0.340,0.540,0.310,30.7,-3.7,2.3
2012,EBF,Indu,0.440,0.258,0.151,0.063,-24.4,-5.6,4.2
2012,EFXT,Ener,0.360,0.868,0.019,0.422,-8.5,-2.2,5.3
2012,EGY,Ener,0.536,0.762,0.976,0.095,-0.3,16.8,6.1
2012,ENPH,Ener,0.681,0.897,0.986,0.018,17.2,-43.7,1.8
2012,ENS,Indu,0.104,0.192,0.499,0.606,-7.5,29.2,9.6
2012,EPAC,Indu,0.350,0.718,0.569,0.747,12.8,7.1,1.8
2012,EQT,Ener,0.913,0.495,0.903,0.927,3.4,23.3,13.5
2012,ESLT,Indu,0.090,0.372,0.114,0.599,-32.1,21.7,15.1
2012,EXK,Basi,0.882,0.903,0.046,0.326,-1.8,-38.0,1.7
2012,EXP,Basi,0.455,0.296,0.547,0.564,8.1,111.8,19.6
2012,EXPE,Cons,0.785,0.619,0.017,0.983,33.0,90.8,10.2
2012,FCN,Indu,0.283,0.231,0.564,0.683,29.6,-17.4,4.3
2012,FIX,Indu,0.303,0.510,0.183,0.087,-11.9,10.3,4.6
2012,FRO,Indu,0.959,0.646,0.003,0.124,-76.7,-51.7,2.3
2012,FSM,Basi,0.895,0.891,0.790,0.250,8.9,-29.3,1.3
2012,FSS,Indu,0.467,0.397,0.449,0.036,4.1,35.0,4.7
2012,FTK,Ener,0.756,0.892,0.935,0.483,408.8,32.3,9.0
2012,FUL,Basi,0.142,0.114,0.614,0.536,31.0,40.8,15.1
2012,FWRD,Indu,0.962,0.100,0.565,0.455,27.0,1.6,8.8
2012,GBX,Indu,0.415,0.915,0.962,0.373,22.5,-33.3,8.7
2012,GEL,Ener,0.131,0.553,0.686,0.736,8.4,45.8,9.3
2012,GEO,Indu,0.169,0.477,0.472,0.459,-28.0,88.9,10.1
2012,GIII,Cons,0.367,0.349,0.317,0.195,-20.0,38.7,3.1
2012,GLNG,Ener,0.865,0.483,0.892,0.887,70.1,-11.2,5.4
2012,GME,Cons,0.373,0.077,0.231,0.863,6.6,14.2,3.0
2012,GNRC,Indu,0.278,0.723,0.937,0.504,50.9,99.1,13.9
2012,GNTX,Cons,0.065,0.749,0.722,0.921,-19.8,-30.5,6.9
2012,GPK,Cons,0.032,0.014,0.292,0.742,14.6,28.9,6.7
2012,GRC,Indu,0.435,0.455,0.418,0.263,17.9,-9.4,6.5
2012,GT,Cons,0.172,0.137,0.329,0.855,-7.3,5.0,7.4
2012,HBM,Basi,0.836,0.796,0.842,0.696,-35.2,-5.5,5.8
2012,HEI,Indu,0.044,0.051,0.735,0.782,36.9,0.9,7.3
2012,HL,Basi,0.873,0.765,0.258,0.624,-45.7,-11.1,4.7
2012,HLIO,Indu,0.473,0.658,0.638,0.312,18.7,-5.8,3.3
2012,HLX,Ener,0.899,0.874,0.624,0.709,38.1,30.1,9.4
2012,HNI,Cons,0.129,0.204,0.337,0.524,-15.9,13.2,7.4
2012,HTHT,Cons,0.844,0.262,0.833,0.392,-16.9,2.4,7.0
2012,HTLD,Indu,0.564,0.108,0.490,0.528,-7.4,-8.5,10.1
2012,HUBG,Indu,0.013,0.623,0.845,0.526,-7.2,8.3,11.2
2012,HUN,Basi,0.212,0.188,0.363,0.865,-25.2,36.3,8.8
2012,HURN,Indu,0.468,0.399,0.288,0.346,30.7,-3.3,7.0
2012,HWKN,Basi,0.635,0.351,0.597,0.090,-11.7,-4.5,8.5
2012,ICFI,Indu,0.074,0.040,0.412,0.155,16.7,-6.4,3.0
2012,IEP,Ener,0.449,0.753,0.719,0.933,7.2,46.2,8.1
2012,IFF,Basi,0.281,0.118,0.305,0.981,4.4,24.4,8.0
2012,IOSP,Basi,0.223,0.104,0.531,0.272,11.2,35.3,9.6
2012,IT,Indu,0.155,0.041,0.585,0.901,3.1,39.8,10.6
2012,JBTM,Indu,0.179,0.358,0.238,0.135,-14.9,26.8,1.3
2012,JHX,Basi,0.267,0.235,0.373,0.892,32.9,26.1,15.9
2012,KAI,Indu,0.497,0.429,0.755,0.001,19.1,8.1,4.9
2012,KBH,Cons,0.621,0.521,0.299,0.281,-38.1,76.5,15.5
2012,KEX,Indu,0.529,0.844,0.967,0.906,50.8,0.8,8.9
2012,KFRC,Indu,0.091,0.138,0.362,0.132,-30.5,3.6,6.8
2012,KFY,Indu,0.986,0.577,0.268,0.273,-29.7,18.8,8.0
2012,KNX,Indu,0.833,0.099,0.636,0.413,-12.9,-5.1,9.5
2012,KRO,Basi,0.868,0.318,0.796,0.806,-12.4,-26.5,5.8
2012,KWR,Basi,0.308,0.253,0.586,0.140,4.5,47.7,9.9
2012,LAD,Cons,0.068,0.254,0.579,0.232,62.8,86.5,13.5
2012,LCII,Cons,0.338,0.818,0.829,0.245,23.0,34.6,10.2
2012,LHX,Indu,0.295,0.332,0.273,0.982,-15.9,20.1,11.8
2012,LKQ,Cons,0.272,0.212,0.797,0.991,37.0,40.7,7.3
2012,LNG,Ener,0.812,0.800,0.194,0.471,279.7,43.8,5.4
2012,LNN,Indu,0.235,0.529,0.522,0.369,-15.4,37.8,1.5
2012,LPX,Basi,0.718,0.727,0.104,0.477,-25.8,148.1,19.1
2012,LQDT,Cons,0.759,0.341,0.814,0.491,118.5,13.8,10.2
2012,LXU,Basi,0.694,0.591,0.777,0.229,13.0,6.6,4.0
2012,LZB,Cons,0.277,0.127,0.346,0.300,74.2,6.9,6.5
2012,MAN,Indu,0.008,0.159,0.259,0.912,-29.9,5.9,9.7
2012,MATV,Basi,0.644,0.297,0.762,0.450,11.6,21.1,11.6
2012,MATX,Indu,0.631,0.449,0.219,0.449,15.7,4.6,6.5
2012,MELI,Cons,0.237,0.336,0.917,0.955,44.7,-12.3,4.4
2012,MEOH,Basi,0.676,0.650,0.709,0.796,-7.8,26.4,12.7
2012,MGRC,Indu,0.577,0.368,0.668,0.317,26.0,-7.9,3.8
2012,MIDD,Indu,0.023,0.437,0.694,0.567,6.3,54.2,3.0
2012,MLI,Indu,0.210,0.573,0.156,0.408,45.7,8.9,7.1
2012,MLKN,Cons,0.051,0.432,0.199,0.527,-13.1,15.8,1.9
2012,MLM,Basi,0.826,0.374,0.079,0.928,-4.9,13.7,9.8
2012,MMYT,Cons,0.715,0.474,0.822,0.387,-13.2,-37.5,4.0
2012,MOD,Indu,0.141,0.921,0.263,0.129,-40.7,-15.2,6.1
2012,MOV,Cons,0.872,0.403,0.573,0.222,45.3,51.9,2.3
2012,MRCY,Indu,0.424,0.574,0.764,0.114,-16.0,-47.5,5.9
2012,MTH,Cons,0.292,0.588,0.321,0.323,4.0,78.4,17.3
2012,MTRN,Basi,0.353,0.837,0.128,0.241,-25.5,-10.3,4.3
2012,MTX,Basi,0.027,0.294,0.338,0.495,1.9,28.0,11.1
2012,MTZ,Indu,0.354,0.517,0.186,0.571,10.1,71.7,7.2
2012,MWA,Indu,0.741,0.181,0.253,0.088,-37.9,115.3,19.3
2012,MYE,Cons,0.496,0.101,0.276,0.153,44.3,0.2,6.1
2012,MYRG,Indu,0.313,0.687,0.835,0.074,-14.9,22.7,8.3
2012,NAT,Indu,0.909,0.853,0.721,0.287,-42.1,-38.9,1.1
2012,NMM,Indu,0.135,0.503,0.860,0.382,-16.9,-9.4,9.9
2012,NOG,Ener,0.936,0.958,0.960,0.591,-26.1,-41.1,2.5
2012,NPK,Indu,0.365,0.300,0.188,0.178,-36.5,-0.4,2.7
2012,NPO,Indu,0.436,0.668,0.783,0.296,-11.5,19.8,7.7
2012,NX,Basi,0.438,0.706,0.126,0.221,-12.0,23.9,7.8
2012,OIS,Ener,0.331,0.645,0.844,0.800,12.2,-6.4,5.7
2012,OLN,Basi,0.538,0.413,0.517,0.662,13.8,5.0,10.3
2012,OMAB,Indu,0.954,0.659,0.419,0.436,11.7,72.8,10.2
2012,OSK,Indu,0.649,0.922,0.360,0.750,-35.1,42.4,13.1
2012,OXM,Cons,0.617,0.569,0.656,0.344,98.4,5.5,0.4
2012,PAAS,Basi,0.863,0.663,0.817,0.809,-29.2,-39.8,3.1
2012,PBA,Ener,0.763,0.862,0.901,0.994,32.5,-1.4,1.6
2012,PDS,Ener,0.668,0.692,0.742,0.867,8.8,-21.3,5.9
2012,PENN,Cons,0.071,0.168,0.533,0.428,6.9,19.3,10.3
2012,PHM,Cons,0.490,0.864,0.279,0.832,2.8,171.6,23.5
2012,PII,Cons,0.200,0.312,0.718,0.972,72.2,40.7,14.1
2012,PKE,Indu,0.540,0.700,0.115,0.176,-19.5,-4.3,7.7
2012,PKG,Cons,0.519,0.121,0.365,0.791,-7.8,50.2,16.3
2012,PNR,Indu,0.021,0.026,0.181,0.777,-1.2,43.5,14.1
2012,POOL,Indu,0.053,0.136,0.247,0.658,41.9,23.6,7.9
2012,POWL,Indu,0.733,0.576,0.550,0.117,-1.2,19.3,7.8
2012,PRIM,Indu,0.132,0.938,0.442,0.313,74.9,25.3,6.6
2012,PTEN,Ener,0.381,0.944,0.874,0.827,-25.7,11.4,10.0
2012,PWR,Indu,0.533,0.562,0.769,0.971,-6.0,32.3,7.6
2012,QUAD,Indu,0.323,0.969,0.119,0.271,-64.1,47.7,6.5
2012,RBA,Indu,0.204,0.427,0.869,0.790,-7.5,-11.1,2.2
2012,RBC,Indu,0.232,0.344,0.695,0.613,-3.7,13.8,8.1
2012,RES,Ener,0.450,0.806,0.918,0.754,-6.1,28.0,12.9
2012,RGR,Indu,0.299,0.649,0.868,0.305,174.3,33.6,6.5
2012,RHI,Indu,0.178,0.359,0.486,0.947,-11.7,13.8,11.7
2012,RRX,Indu,0.153,0.165,0.724,0.792,-9.0,21.4,10.2
2012,RS,Basi,0.192,0.415,0.662,0.945,-4.1,22.0,6.5
2012,RUSHA,Cons,0.347,0.754,0.914,0.209,11.8,2.9,7.3
2012,SAH,Cons,0.073,0.279,0.367,0.409,18.5,35.3,7.0
2012,SB,Indu,0.285,0.481,0.877,0.168,-15.5,-50.0,3.7
2012,SHOO,Cons,0.608,0.618,0.949,0.671,46.8,6.4,4.3
2012,SIG,Cons,0.656,0.035,0.527,0.953,9.1,28.6,3.4
2012,SMG,Basi,0.900,0.410,0.024,0.862,3.1,-17.1,6.6
2012,SMP,Cons,0.203,0.208,0.222,0.128,63.3,22.0,6.9
2012,SSD,Basi,0.486,0.292,0.342,0.635,15.3,-6.2,8.4
2012,SSRM,Basi,0.906,0.996,0.008,0.521,-45.0,-31.3,2.2
2012,STLD,Basi,0.444,0.792,0.549,0.874,-14.5,-1.4,10.8
2012,STN,Indu,0.710,0.571,0.059,0.563,6.1,30.8,6.7
2012,SUZ,Basi,0.823,0.491,0.131,0.644,-62.8,9.6,7.6
2012,SXC,Basi,0.679,0.459,0.700,0.432,-15.6,17.3,9.3
2012,SXI,Indu,0.117,0.169,0.274,0.173,28.0,33.6,7.6
2012,TCOM,Cons,0.056,0.867,0.982,0.888,-44.7,-6.9,7.2
2012,TEN,Ener,0.188,0.274,0.423,0.755,-26.5,-43.2,0.4
2012,TEX,Indu,0.262,0.821,0.800,0.795,-34.7,48.4,10.9
2012,THO,Cons,0.319,0.579,0.403,0.655,-0.5,19.9,6.6
2012,TK,Ener,0.799,0.173,0.496,0.701,-20.3,25.8,6.5
2012,TKR,Indu,0.121,0.468,0.632,0.872,-3.0,8.0,11.8
2012,TNK,Indu,0.651,0.751,0.245,0.065,-46.4,-54.5,0.7
2012,TOL,Cons,0.429,0.321,0.106,0.910,6.0,64.2,11.8
2012,TPC,Indu,0.126,0.847,0.891,0.291,-32.5,16.2,3.9
2012,TRGP,Ener,0.162,0.485,0.638,0.694,26.8,37.0,8.5
2012,TRN,Indu,0.413,0.804,0.840,0.687,6.6,27.7,10.2
2012,TSLA,Cons,0.867,0.917,0.005,0.882,47.4,17.0,9.4
2012,TTEK,Indu,0.076,0.379,0.401,0.601,-1.9,23.4,11.3
2012,TX,Basi,0.569,0.532,0.556,0.964,-36.8,1.5,7.3
2012,UAA,Cons,0.406,0.306,0.787,0.922,22.8,31.1,13.3
2012,UAN,Basi,0.937,0.851,0.990,0.726,60.8,-11.2,4.3
2012,UFPI,Basi,0.095,0.371,0.306,0.236,-16.2,26.6,9.3
2012,URBN,Cons,0.653,0.164,0.428,0.958,-22.3,40.0,7.6
2012,URI,Indu,0.751,0.787,0.746,0.803,26.3,40.7,14.1
2012,USLM,Basi,0.378,0.401,0.674,0.051,55.4,-23.4,2.6
2012,VET,Ener,0.815,0.337,0.896,0.990,-6.8,6.3,5.0
2012,VMI,Indu,0.150,0.699,0.692,0.831,12.8,35.4,9.6
2012,WAB,Indu,0.088,0.435,0.806,0.878,28.3,34.5,8.2
2012,WCC,Indu,0.015,0.256,0.537,0.871,16.0,12.9,11.5
2012,WCN,Indu,0.038,0.083,0.649,0.913,11.5,9.7,9.4
2012,WEN,Cons,0.196,0.512,0.067,0.706,8.9,9.3,3.8
2012,WFG,Basi,0.801,0.535,0.077,0.738,-5.5,65.2,10.6
2012,WGO,Cons,0.315,0.914,0.503,0.000,-22.8,111.5,6.5
2012,WLK,Basi,0.699,0.538,0.347,0.903,20.1,67.2,10.2
2012,WOR,Indu,0.437,0.612,0.176,0.294,-7.3,52.3,21.7
2012,WSO,Indu,0.046,0.841,0.210,0.769,16.9,4.1,8.0
2012,WWW,Cons,0.304,0.194,0.246,0.678,11.0,11.5,12.0
2012,XYL,Indu,0.033,0.550,0.405,1.000,10.7,3.8,3.9
2012,ZWS,Indu,0.069,0.045,0.617,0.419,7.4,-16.9,11.1
2014,AAON,Indu,0.586,0.382,0.317,0.403,57.1,29.2,23.3
2014,ABG,Cons,0.014,0.075,0.470,0.561,37.1,60.5,28.1
2014,AER,Indu,0.955,0.741,0.955,0.969,158.5,12.0,19.0
2014,AG,Basi,0.901,0.738,0.020,0.506,-33.9,-50.4,8.3
2014,AGI,Basi,0.872,0.865,0.047,0.494,-25.6,-41.2,9.4
2014,AGX,Indu,0.827,0.997,0.627,0.082,77.5,33.9,26.2
2014,ALGT,Indu,0.860,0.177,0.485,0.648,35.1,83.2,29.8
2014,AMRC,Indu,0.320,0.572,0.384,0.065,7.9,-21.2,13.9
2014,ARCO,Cons,0.398,0.078,0.355,0.677,-24.3,-55.8,6.8
2014,ARLP,Ener,0.278,0.292,0.544,0.815,25.3,0.5,15.5
2014,AROC,Ener,0.755,0.596,0.280,0.578,55.8,-15.8,14.0
2014,ASR,Indu,0.720,0.345,0.872,0.849,-13.5,22.1,20.3
2014,ATRO,Indu,0.252,0.585,0.889,0.278,200.0,42.1,23.3
2014,AVAV,Indu,0.721,0.811,0.860,0.264,46.3,-11.4,15.0
2014,AVNT,Basi,0.477,0.591,0.737,0.852,47.5,7.7,18.9
2014,AXON,Indu,0.405,0.509,0.832,0.411,174.3,42.9,23.9
2014,AZZ,Indu,0.283,0.443,0.769,0.414,0.9,12.4,17.4
2014,BBSI,Indu,0.712,0.175,0.650,0.180,90.4,-61.5,6.5
2014,BC,Cons,0.269,0.070,0.315,0.926,20.7,21.3,17.3
2014,BCC,Basi,0.110,0.189,0.448,0.457,-6.0,42.4,22.9
2014,BCPC,Basi,0.184,0.194,0.512,0.583,33.5,17.0,19.5
2014,BJRI,Cons,0.877,0.099,0.251,0.317,-12.4,57.3,25.6
2014,BTE,Ener,0.794,0.769,0.624,0.983,-13.2,-60.9,6.9
2014,BURL,Cons,0.401,0.096,0.361,0.711,19.9,91.3,29.4
2014,BVN,Basi,0.905,0.482,0.067,0.844,-50.8,-13.7,14.7
2014,BYD,Cons,0.255,0.841,0.394,0.496,57.1,20.4,15.8
2014,BZH,Cons,0.615,0.595,0.524,0.159,20.8,-21.5,11.9
2014,CAKE,Cons,0.936,0.034,0.339,0.743,36.9,19.4,17.7
2014,CAR,Indu,0.349,0.525,0.363,0.949,73.5,57.5,25.6
2014,CASY,Cons,0.060,0.121,0.302,0.777,18.2,28.9,20.2
2014,CBRL,Cons,0.892,0.155,0.272,0.738,37.5,34.2,22.5
2014,CBT,Basi,0.222,0.341,0.472,0.830,10.1,-12.9,14.2
2014,CDE,Basi,0.821,0.532,0.292,0.467,-39.6,-40.9,9.4
2014,CHDN,Cons,0.852,0.088,0.157,0.602,43.9,9.3,18.5
2014,CHH,Cons,0.114,0.052,0.586,0.800,30.4,30.1,21.1
2014,CLF,Basi,0.683,0.405,0.162,0.863,-40.2,-70.7,3.3
2014,CLH,Indu,0.287,0.898,0.879,0.797,-13.3,13.7,19.2
2014,CLMT,Basi,0.457,0.799,0.206,0.663,-22.8,0.6,17.8
2014,CMC,Basi,0.105,0.350,0.137,0.737,24.8,-22.7,10.9
2014,CMCO,Indu,0.285,0.323,0.189,0.146,49.1,-1.8,12.1
2014,CMP,Basi,0.486,0.703,0.882,0.804,18.6,5.4,15.7
2014,CMRE,Indu,0.812,0.453,0.855,0.393,16.8,-1.4,16.3
2014,CODI,Indu,0.047,0.827,0.267,0.342,16.8,-9.9,15.1
2014,CPAC,Basi,0.426,0.593,0.562,0.444,-30.0,-11.3,14.2
2014,CPS,Cons,0.119,0.281,0.413,0.376,52.3,-2.1,16.3
2014,CRI,Cons,0.464,0.130,0.506,0.927,32.8,12.6,18.8
2014,CROX,Cons,0.661,0.267,0.081,0.534,8.2,-32.7,11.4
2014,CRS,Basi,0.147,0.616,0.205,0.840,12.9,-33.0,9.9
2014,CSL,Basi,0.922,0.499,0.589,1.000,12.8,19.1,19.8
2014,CVCO,Cons,0.109,0.925,0.589,0.236,43.6,-1.2,14.1
2014,CW,Indu,0.489,0.436,0.611,0.825,73.3,11.7,18.1
2014,CYD,Indu,0.206,0.608,0.575,0.286,44.5,-1.9,17.6
2014,DAC,Indu,0.881,0.583,0.662,0.240,50.4,-8.2,13.6
2014,DCH,Cons,0.458,0.236,0.500,0.553,56.7,33.3,26.0
2014,DDS,Cons,0.469,0.073,0.235,0.900,8.7,46.8,24.4
2014,DECK,Cons,0.577,0.414,0.784,0.817,109.3,-3.8,10.0
2014,DMLP,Ener,0.982,0.765,0.830,0.287,6.8,-0.9,15.8
2014,DXPE,Indu,0.071,0.504,0.419,0.549,73.7,-54.6,7.8
2014,DY,Indu,0.299,0.719,0.236,0.345,22.3,44.4,24.2
2014,EBF,Indu,0.472,0.092,0.146,0.095,6.2,-13.0,18.7
2014,EFXT,Ener,0.294,0.722,0.072,0.435,13.9,-7.7,15.2
2014,EGY,Ener,0.921,0.660,0.907,0.035,-33.4,-24.3,11.6
2014,ENPH,Ener,0.539,0.915,0.382,0.015,50.1,99.9,31.2
2014,ENS,Indu,0.092,0.210,0.556,0.860,60.3,-7.2,16.5
2014,EPAC,Indu,0.058,0.393,0.170,0.757,7.4,-27.2,11.5
2014,ESLT,Indu,0.020,0.487,0.199,0.765,53.0,8.7,16.1
2014,EXK,Basi,0.915,0.980,0.002,0.138,-21.2,-58.0,6.9
2014,EXP,Basi,0.674,0.459,0.857,0.908,14.0,-2.1,16.4
2014,FANG,Ener,0.965,0.968,0.991,0.805,173.2,20.4,19.5
2014,FCN,Indu,0.162,0.141,0.248,0.449,-14.7,25.7,20.1
2014,FET,Ener,0.265,0.792,0.668,0.741,-2.0,-35.1,11.6
2014,FIVE,Cons,0.621,0.344,0.736,0.684,-3.0,-14.0,15.5
2014,FIX,Indu,0.397,0.251,0.257,0.215,35.7,-1.0,16.4
2014,FOXF,Cons,0.228,0.838,0.180,0.206,-10.5,-10.5,15.0
2014,FSM,Basi,0.849,0.879,0.064,0.136,-6.2,-6.4,14.0
2014,FSS,Indu,0.315,0.508,0.323,0.348,91.8,15.1,18.4
2014,FTK,Ener,0.327,0.650,0.801,0.507,65.8,-30.3,11.0
2014,FUL,Basi,0.237,0.535,0.379,0.776,43.4,-21.2,10.2
2014,FUN,Cons,0.944,0.652,0.318,0.809,38.8,1.3,16.2
2014,FWRD,Indu,0.887,0.188,0.613,0.509,15.1,18.3,17.3
2014,GBX,Indu,0.036,0.798,0.570,0.448,87.3,48.3,18.9
2014,GEO,Indu,0.390,0.173,0.377,0.724,-3.0,33.9,21.8
2014,GHM,Indu,0.624,0.753,0.161,0.047,52.0,-35.2,9.9
2014,GIII,Cons,0.438,0.285,0.632,0.567,82.5,57.2,28.7
2014,GME,Cons,0.513,0.429,0.371,0.953,33.5,6.7,18.8
2014,GNRC,Indu,0.083,0.873,0.677,0.921,80.9,-15.9,11.9
2014,GNTX,Cons,0.413,0.444,0.841,0.982,69.1,6.8,17.4
2014,GPK,Cons,0.064,0.008,0.276,0.836,33.4,54.0,25.6
2014,GPRK,Ener,0.800,0.847,0.821,0.115,-34.0,-42.6,10.2
2014,GRC,Indu,0.264,0.432,0.352,0.290,27.3,1.8,16.2
2014,HBM,Basi,0.801,0.526,0.030,0.542,-15.1,2.8,16.8
2014,HEI,Indu,0.200,0.226,0.747,0.918,58.1,7.0,18.0
2014,HL,Basi,0.937,0.840,0.740,0.456,-29.9,-7.3,15.1
2014,HLIO,Indu,0.251,0.300,0.720,0.437,44.9,-4.8,16.5
2014,HLX,Ener,0.684,0.804,0.424,0.728,-6.2,-14.3,13.9
2014,HNI,Cons,0.127,0.113,0.306,0.557,2.0,64.4,30.7
2014,HTHT,Cons,0.759,0.433,0.700,0.607,75.3,-17.5,13.4
2014,HTLD,Indu,0.359,0.500,0.804,0.632,51.9,26.1,21.1
2014,HUBG,Indu,0.010,0.602,0.374,0.558,8.1,-14.7,14.2
2014,HURN,Indu,0.706,0.477,0.679,0.563,85.0,13.9,19.1
2014,HWKN,Basi,0.630,0.786,0.188,0.060,-9.0,10.2,19.1
2014,IAG,Basi,0.826,0.667,0.000,0.581,-45.3,-45.6,8.8
2014,ICFI,Indu,0.078,0.211,0.210,0.253,43.4,18.6,19.8
2014,IIIN,Indu,0.497,0.042,0.242,0.076,53.9,3.6,12.9
2014,IOSP,Basi,0.302,0.272,0.551,0.417,5.5,-1.7,16.5
2014,JBTM,Indu,0.202,0.418,0.375,0.361,49.3,14.7,20.5
2014,KAI,Indu,0.418,0.522,0.616,0.094,35.4,13.8,19.9
2014,KBH,Cons,0.568,0.720,0.391,0.595,12.5,-5.6,14.6
2014,KFRC,Indu,0.138,0.252,0.287,0.201,36.2,32.7,18.1
2014,KFY,Indu,0.030,0.442,0.625,0.492,42.4,19.0,18.2
2014,KNX,Indu,0.862,0.159,0.416,0.475,33.6,56.6,24.0
2014,KOS,Ener,0.909,0.874,0.664,0.938,5.5,-19.2,13.4
2014,KRO,Basi,0.900,0.600,0.113,0.629,-13.1,-21.1,10.9
2014,KTOS,Indu,0.204,0.796,0.106,0.113,78.1,-31.7,9.7
2014,KWR,Basi,0.220,0.098,0.400,0.382,24.1,18.8,19.6
2014,LAD,Cons,0.023,0.022,0.563,0.597,51.9,42.9,25.0
2014,LCII,Cons,0.333,0.449,0.478,0.471,38.9,8.6,18.9
2014,LNN,Indu,0.241,0.440,0.329,0.428,-3.4,0.0,14.6
2014,LPX,Basi,0.719,0.627,0.167,0.764,-11.6,-9.2,12.8
2014,LQDT,Cons,0.355,0.755,0.305,0.302,-22.8,-67.4,4.9
2014,LXU,Basi,0.698,0.407,0.643,0.289,-16.1,15.6,19.2
2014,LZB,Cons,0.330,0.180,0.265,0.541,75.4,1.4,15.8
2014,MATV,Basi,0.150,0.231,0.159,0.555,16.9,-16.1,15.9
2014,MATX,Indu,0.360,0.361,0.262,0.423,-6.6,52.8,25.6
2014,MCRI,Cons,0.382,0.568,0.337,0.008,85.0,-3.3,16.4
2014,MELI,Cons,0.117,0.182,0.895,0.944,11.4,40.6,23.5
2014,MGRC,Indu,0.543,0.347,0.411,0.371,24.6,-12.5,14.5
2014,MHO,Cons,0.073,0.401,0.722,0.279,-6.9,-19.0,13.5
2014,MIDD,Indu,0.131,0.389,0.802,0.932,82.0,22.4,21.4
2014,MLI,Indu,0.100,0.248,0.177,0.620,9.7,6.1,18.0
2014,MLKN,Cons,0.589,0.149,0.403,0.621,12.8,0.1,15.8
2014,MLM,Basi,0.717,0.610,0.481,0.999,8.5,11.6,18.4
2014,MMYT,Cons,0.728,0.565,0.277,0.373,76.3,7.0,15.3
2014,MOD,Indu,0.115,0.395,0.244,0.203,55.4,-2.7,15.8
2014,MOV,Cons,0.428,0.224,0.349,0.469,39.4,-44.7,10.0
2014,MPLX,Ener,0.837,0.170,0.728,0.874,37.0,68.9,29.6
2014,MRCY,Indu,0.730,0.541,0.194,0.033,37.1,34.3,23.6
2014,MTH,Cons,0.478,0.617,0.870,0.634,2.4,-26.5,11.8
2014,MTRN,Basi,0.268,0.329,0.151,0.182,0.9,31.4,20.8
2014,MTX,Basi,0.070,0.063,0.439,0.653,30.2,12.0,16.0
2014,MTZ,Indu,0.254,0.384,0.641,0.813,26.5,-45.6,9.0
2014,MUX,Basi,0.992,0.948,0.001,0.338,11.7,-65.1,5.5
2014,MWA,Indu,0.480,0.603,0.320,0.521,38.2,22.5,20.5
2014,MYE,Cons,0.310,0.148,0.178,0.245,49.1,-9.6,15.5
2014,MYRG,Indu,0.240,0.780,0.296,0.147,2.3,6.0,14.7
2014,NMM,Indu,0.998,0.380,0.621,0.540,24.8,-36.6,10.1
2014,NOG,Ener,0.950,0.887,0.869,0.372,12.0,-44.8,9.1
2014,NPK,Indu,0.358,0.576,0.318,0.161,2.2,-26.8,11.0
2014,NPO,Indu,0.249,0.339,0.211,0.635,62.1,-11.3,16.5
2014,NVGS,Indu,0.756,0.578,0.953,0.532,79.4,-27.1,11.8
2014,NWPX,Indu,0.524,0.639,0.039,0.029,42.6,-33.5,11.3
2014,NX,Basi,0.503,0.374,0.238,0.266,6.0,0.1,16.8
2014,OIS,Ener,0.636,0.821,0.074,0.842,25.1,-24.6,12.3
2014,OLN,Basi,0.481,0.545,0.184,0.705,12.4,-7.3,15.3
2014,OMAB,Indu,0.710,0.447,0.666,0.493,-6.0,48.6,24.7
2014,OSK,Indu,0.415,0.446,0.121,0.988,35.1,-24.1,13.3
2014,OXM,Cons,0.424,0.172,0.426,0.478,42.0,-22.1,13.7
2014,PAAS,Basi,0.874,0.611,0.003,0.717,-10.0,-23.0,12.3
2014,PATK,Cons,0.065,0.187,0.762,0.011,283.6,11.0,17.7
2014,PENN,Cons,0.057,0.299,0.004,0.366,9.2,27.1,19.1
2014,PKE,Indu,0.321,0.119,0.289,0.175,14.1,-13.9,11.9
2014,POOL,Indu,0.021,0.127,0.299,0.760,19.2,17.7,17.0
2014,POWL,Indu,0.275,0.704,0.536,0.260,29.6,-32.0,11.4
2014,PRIM,Indu,0.142,0.670,0.476,0.591,56.4,-32.6,11.7
2014,PSIX,Indu,0.216,0.413,0.538,0.268,225.8,-26.4,12.2
2014,PTEN,Ener,0.889,0.563,0.230,0.929,21.7,-39.2,10.1
2014,QUAD,Indu,0.279,0.553,0.581,0.472,13.4,-9.4,15.2
2014,RBA,Indu,0.238,0.222,0.742,0.736,0.9,16.4,20.0
2014,RBC,Indu,0.183,0.377,0.545,0.608,-8.8,-2.2,15.6
2014,RES,Ener,0.611,0.566,0.449,0.909,23.6,-30.2,11.4
2014,RGR,Indu,0.351,0.305,0.819,0.524,27.8,-36.7,10.7
2014,RRX,Indu,0.166,0.493,0.142,0.857,0.2,3.6,18.5
2014,RUSHA,Cons,0.061,0.770,0.614,0.292,19.8,4.8,14.3
2014,SAH,Cons,0.022,0.044,0.283,0.485,0.2,12.1,19.5
2014,SB,Indu,0.912,0.519,0.938,0.309,171.7,-64.4,6.0
2014,SBLK,Indu,0.974,0.950,0.156,0.106,134.1,-79.2,3.3
2014,SGI,Cons,0.964,1.000,0.033,0.747,21.3,16.1,20.1
2014,SHOO,Cons,0.198,0.664,0.555,0.734,20.6,-5.7,15.8
2014,SM,Ener,0.969,0.861,0.688,0.823,53.6,-47.6,8.8
2014,SMG,Basi,0.823,0.291,0.025,0.881,27.7,16.1,19.4
2014,SMP,Cons,0.386,0.311,0.502,0.328,39.4,7.4,18.0
2014,SSD,Basi,0.498,0.257,0.457,0.577,-0.7,5.3,17.5
2014,SSRM,Basi,0.781,0.966,0.028,0.321,2.3,-44.7,9.1
2014,STLD,Basi,0.085,0.396,0.402,0.923,9.9,7.2,16.4
2014,STN,Indu,0.028,0.480,0.586,0.799,52.6,-14.9,14.1
2014,SUZ,Basi,0.566,0.315,0.542,0.905,-8.9,40.4,24.3
2014,SWBI,Indu,0.493,0.605,0.600,0.141,15.4,15.6,19.6
2014,SXC,Basi,0.364,0.711,0.094,0.575,30.2,-24.2,10.8
2014,SXI,Indu,0.103,0.114,0.327,0.247,-3.8,31.0,22.7
2014,TEN,Ener,0.108,0.215,0.510,0.714,70.4,5.7,18.1
2014,TFII,Indu,0.948,0.584,0.087,0.674,3.0,24.1,16.8
2014,THO,Cons,0.319,0.581,0.096,0.834,53.1,5.9,17.1
2014,THRM,Cons,0.099,0.976,0.658,0.436,87.8,37.8,22.2
2014,TK,Ener,0.585,0.147,0.124,0.913,58.8,-14.2,13.7
2014,TKR,Indu,0.553,0.470,0.269,0.912,10.1,-0.4,14.2
2014,TPC,Indu,0.224,0.637,0.215,0.445,27.4,13.4,18.8
2014,TREX,Indu,0.623,0.628,0.773,0.530,75.7,12.6,18.8
2014,TRGP,Ener,0.400,0.705,0.796,0.934,55.2,-3.2,15.0
2014,TRN,Indu,0.465,0.656,0.838,0.864,49.9,-0.5,16.2
2014,TROX,Basi,0.880,0.699,0.104,0.754,16.8,1.4,17.2
2014,TTEK,Indu,0.063,0.150,0.214,0.641,-3.0,-12.1,14.3
2014,TTI,Ener,0.679,0.551,0.105,0.368,30.0,-58.5,7.1
2014,UAN,Basi,0.836,0.646,0.861,0.531,-25.5,-33.7,10.6
2014,UFPI,Basi,0.159,0.190,0.386,0.387,19.8,4.9,17.7
2014,ULH,Indu,0.572,0.700,0.263,0.300,45.7,-6.9,14.9
2014,USAC,Ener,0.886,0.531,0.901,0.385,31.2,-27.3,11.3
2014,USLM,Basi,0.433,0.319,0.264,0.001,18.6,32.4,21.0
2014,VAC,Cons,0.292,0.060,0.260,0.657,28.4,48.7,24.6
2014,VMI,Indu,0.286,0.283,0.376,0.945,4.2,-20.1,12.6
2014,WCC,Indu,0.011,0.120,0.489,0.957,12.0,-18.6,11.6
2014,WEN,Cons,0.289,0.049,0.155,0.922,74.4,4.7,11.9
2014,WFG,Basi,0.975,0.411,0.132,0.965,22.5,17.9,19.3
2014,WGO,Cons,0.235,0.582,0.681,0.285,33.4,-13.6,15.2
2014,WLFC,Indu,0.927,0.402,0.731,0.116,19.9,9.6,16.6
2014,WNC,Indu,0.453,0.232,0.409,0.353,19.6,-7.9,15.6
2014,WOR,Indu,0.074,0.437,0.632,0.619,30.2,-25.5,14.5
2014,WSO,Indu,0.006,0.111,0.366,0.847,20.2,17.7,17.0
2014,WWW,Cons,0.350,0.902,0.417,0.768,13.1,13.6,17.7
2014,ZWS,Indu,0.051,0.259,0.447,0.514,35.8,-5.5,15.7
2016,AAON,Indu,0.269,0.381,0.729,0.365,8.5,40.9,29.1
2016,ABG,Cons,0.010,0.020,0.462,0.468,-38.0,31.3,25.2
2016,AG,Basi,0.852,0.711,0.009,0.306,-14.1,111.0,43.5
2016,AGCO,Indu,0.198,0.332,0.140,0.915,-10.1,43.4,27.0
2016,AGX,Indu,0.620,0.871,0.642,0.174,-0.8,87.2,29.9
2016,ALGT,Indu,0.856,0.045,0.787,0.806,-10.3,9.1,21.2
2016,ALSN,Cons,0.201,0.442,0.232,0.925,-27.5,50.6,34.8
2016,ARCB,Indu,0.179,0.266,0.263,0.132,-54.9,77.0,34.5
2016,ARCO,Cons,0.221,0.110,0.185,0.273,-39.0,105.3,37.1
2016,ARLP,Ener,0.149,0.155,0.209,0.415,-65.3,77.4,31.9
2016,ASR,Indu,0.991,0.538,0.909,0.952,3.9,14.2,23.8
2016,ATRO,Indu,0.578,0.906,0.350,0.196,-58.0,54.7,32.0
2016,AVAV,Indu,0.885,0.647,0.371,0.241,-5.3,-2.1,19.9
2016,AVNT,Basi,0.178,0.497,0.214,0.707,-30.7,32.3,25.2
2016,AXON,Indu,0.592,0.131,0.726,0.429,-14.6,34.6,28.8
2016,AZZ,Indu,0.319,0.376,0.606,0.512,19.6,27.9,17.8
2016,BC,Cons,0.305,0.055,0.310,0.912,-28.3,42.2,26.6
2016,BCC,Basi,0.203,0.157,0.315,0.194,-64.1,94.7,43.0
2016,BCPC,Basi,0.504,0.887,0.257,0.688,9.6,34.1,28.7
2016,BJRI,Cons,0.219,0.012,0.498,0.443,-7.1,-17.4,18.5
2016,BSM,Ener,0.974,0.832,0.023,0.792,-29.7,31.8,25.5
2016,BURL,Cons,0.239,0.035,0.486,0.937,-5.8,60.7,31.6
2016,BYD,Cons,0.040,0.474,0.467,0.670,15.2,24.3,27.1
2016,CAKE,Cons,0.087,0.004,0.454,0.776,-6.9,22.9,28.5
2016,CAR,Indu,0.181,0.120,0.346,0.848,-52.1,28.1,26.9
2016,CASY,Cons,0.625,0.369,0.252,0.936,12.8,11.3,22.1
2016,CBRL,Cons,0.136,0.039,0.418,0.900,1.1,14.4,24.9
2016,CBT,Basi,0.311,0.564,0.115,0.771,-2.3,40.3,22.7
2016,CCJ,Ener,0.593,0.540,0.169,0.991,-18.1,-11.8,19.8
2016,CDE,Basi,0.854,0.462,0.698,0.061,-63.9,367.2,109.5
2016,CHDN,Cons,0.914,0.761,0.894,0.730,24.1,16.8,25.0
2016,CHH,Cons,0.421,0.304,0.738,0.834,-23.3,15.1,24.4
2016,CLH,Indu,0.408,0.342,0.166,0.762,-25.3,35.2,28.9
2016,CMC,Basi,0.354,0.611,0.108,0.604,-2.4,60.6,16.6
2016,CMP,Basi,0.937,0.643,0.192,0.757,-20.5,13.2,26.6
2016,CMRE,Indu,0.259,0.421,0.812,0.063,-61.5,-13.5,17.1
2016,CNX,Ener,0.972,0.558,0.048,0.661,-72.6,130.5,38.2
2016,CODI,Indu,0.491,0.518,0.173,0.344,-12.7,12.9,23.9
2016,CPA,Indu,0.664,0.536,0.160,0.741,-52.0,85.3,37.5
2016,CPAC,Basi,0.422,0.222,0.523,0.312,-22.4,43.9,31.3
2016,CPS,Cons,0.252,0.246,0.480,0.510,33.6,57.5,31.7
2016,CROX,Cons,0.869,0.303,0.095,0.304,-8.4,-32.1,14.4
2016,CRS,Basi,0.343,0.444,0.156,0.564,-18.2,35.3,25.7
2016,CSW,Indu,0.271,0.243,0.627,0.141,286.3,22.7,26.2
2016,CVCO,Cons,0.202,0.460,0.686,0.299,3.2,22.8,23.1
2016,CW,Indu,0.370,0.430,0.597,0.850,-6.3,52.1,30.7
2016,CYD,Indu,0.103,0.577,0.213,0.100,-48.8,68.5,25.5
2016,CZR,Cons,0.399,0.973,0.578,0.436,120.6,64.1,32.7
2016,DAC,Indu,0.416,0.147,0.621,0.177,-22.3,-43.7,12.8
2016,DCH,Cons,0.331,0.236,0.428,0.452,-42.5,47.3,33.6
2016,DDS,Cons,0.649,0.029,0.336,0.804,-41.3,-19.4,16.5
2016,DECK,Cons,0.724,0.396,0.650,0.594,-40.7,16.6,22.1
2016,DHT,Indu,0.946,0.983,0.908,0.270,-24.8,-27.9,13.8
2016,DKL,Ener,0.738,0.561,0.123,0.287,-27.2,6.8,21.9
2016,DMLP,Ener,0.917,0.814,0.173,0.000,-59.6,67.0,35.4
2016,DY,Indu,0.596,0.490,0.709,0.686,59.8,37.9,30.2
2016,EBF,Indu,0.293,0.281,0.241,0.158,35.2,-14.5,17.1
2016,EFXT,Ener,0.411,0.799,0.053,0.276,-33.6,63.7,34.7
2016,EGO,Basi,0.872,0.468,0.000,0.725,-37.5,16.2,20.7
2016,EMBJ,Indu,0.584,0.714,0.825,0.986,-24.8,-9.5,17.4
2016,ENR,Indu,0.138,0.380,0.604,0.735,5.3,36.9,25.2
2016,ENS,Indu,0.083,0.416,0.332,0.709,-21.0,62.9,31.3
2016,EPAC,Indu,0.455,0.400,0.029,0.536,-8.8,20.7,20.7
2016,EQT,Ener,0.922,0.755,0.099,1.000,-22.8,1.7,19.3
2016,ESI,Basi,0.811,0.986,0.988,0.660,-67.2,50.3,27.6
2016,ESLT,Indu,0.068,0.053,0.458,0.950,46.2,20.5,20.1
2016,ETSY,Cons,0.360,0.846,0.950,0.348,-75.4,73.1,38.3
2016,EXP,Basi,0.775,0.385,0.522,0.743,-38.9,115.8,37.4
2016,FANG,Ener,0.966,0.980,0.010,0.977,-7.6,53.5,33.4
2016,FCN,Indu,0.184,0.085,0.407,0.560,-7.0,18.7,24.4
2016,FIVE,Cons,0.721,0.105,0.806,0.702,20.7,-0.1,16.7
2016,FIX,Indu,0.459,0.185,0.474,0.416,60.2,24.6,27.6
2016,FMC,Basi,0.663,0.516,0.200,0.934,-41.9,76.3,40.7
2016,FOXF,Cons,0.304,0.372,0.764,0.210,0.5,79.5,38.0
2016,FRO,Indu,0.904,0.813,0.962,0.422,-31.2,-36.6,13.9
2016,FSM,Basi,0.777,0.760,0.045,0.166,5.4,13.6,26.2
2016,FSS,Indu,0.731,0.708,0.078,0.315,-29.5,29.9,27.8
2016,FTAI,Indu,0.717,0.962,0.693,0.239,-44.2,61.5,30.6
2016,FTK,Ener,0.677,0.743,0.067,0.027,-64.8,76.5,35.9
2016,FUL,Basi,0.412,0.028,0.366,0.612,-19.5,52.7,26.0
2016,FUN,Cons,0.414,0.283,0.281,0.849,3.0,17.7,23.8
2016,FWRD,Indu,0.517,0.071,0.691,0.521,-16.4,9.0,25.9
2016,GBX,Indu,0.695,0.626,0.929,0.345,-51.4,59.7,21.1
2016,GEO,Indu,0.115,0.220,0.683,0.703,-34.3,59.7,34.2
2016,GGB,Basi,0.333,0.608,0.035,0.628,-64.0,246.0,63.2
2016,GIII,Cons,0.357,0.492,0.494,0.698,-21.1,-48.5,8.9
2016,GME,Cons,0.350,0.383,0.447,0.866,-22.0,-20.5,14.3
2016,GNRC,Indu,0.308,0.399,0.236,0.715,-33.1,30.2,28.3
2016,GNTX,Cons,0.054,0.217,0.818,0.930,-18.8,62.0,30.4
2016,GPK,Cons,0.052,0.108,0.449,0.932,-20.6,5.9,24.8
2016,GPRE,Basi,0.589,0.424,0.188,0.222,-38.9,54.6,36.2
2016,GRC,Indu,0.238,0.438,0.292,0.220,-23.7,37.6,29.9
2016,GSM,Basi,0.814,0.168,0.131,0.629,-42.8,-0.6,19.1
2016,HBM,Basi,0.682,0.968,0.987,0.236,-69.2,221.2,68.7
2016,HEI,Indu,0.199,0.263,0.695,0.919,-10.3,49.4,30.8
2016,HL,Basi,0.676,0.784,0.202,0.372,-28.4,165.0,58.7
2016,HLIO,Indu,0.477,0.509,0.255,0.340,-26.8,30.6,27.8
2016,HNI,Cons,0.205,0.373,0.279,0.548,-40.0,50.8,35.3
2016,HTHT,Cons,0.858,0.840,0.532,0.656,34.3,100.0,41.0
2016,HTLD,Indu,0.170,0.865,0.304,0.569,-29.7,18.3,21.0
2016,HUBG,Indu,0.165,0.123,0.295,0.440,-11.1,49.6,28.4
2016,HUN,Basi,0.290,0.392,0.126,0.680,-64.4,168.6,66.8
2016,HURN,Indu,0.796,0.551,0.489,0.457,-32.2,-13.6,18.0
2016,HWKN,Basi,0.457,0.077,0.382,0.071,-7.0,37.5,26.8
2016,ICFI,Indu,0.152,0.174,0.392,0.266,-17.7,50.6,29.2
2016,IIIN,Indu,0.643,0.527,0.221,0.119,4.4,52.5,27.5
2016,IOSP,Basi,0.522,0.475,0.262,0.464,13.8,44.7,31.5
2016,J,Indu,0.082,0.337,0.190,0.920,-3.6,57.5,30.7
2016,JBTM,Indu,0.307,0.279,0.663,0.615,57.9,56.0,27.4
2016,KAI,Indu,0.427,0.506,0.497,0.122,-4.1,56.1,33.4
2016,KBH,Cons,0.378,0.517,0.689,0.418,-27.5,61.7,23.4
2016,KEX,Indu,0.174,0.652,0.179,0.814,-32.7,26.8,24.4
2016,KFRC,Indu,0.085,0.170,0.399,0.190,-21.3,15.4,27.1
2016,KFY,Indu,0.056,0.525,0.724,0.574,-11.7,14.1,22.8
2016,KNX,Indu,0.409,0.414,0.376,0.527,-26.5,49.0,27.6
2016,KOS,Ener,0.948,0.864,0.077,0.638,-47.9,33.1,27.6
2016,KRNT,Indu,0.740,0.520,0.847,0.044,-20.1,47.1,36.5
2016,KRO,Basi,0.793,0.359,0.098,0.297,-49.3,128.0,45.6
2016,KWR,Basi,0.189,0.156,0.301,0.401,-15.7,81.6,37.4
2016,LAD,Cons,0.019,0.745,0.488,0.780,0.9,8.3,21.9
2016,LCII,Cons,0.132,0.245,0.602,0.547,-0.3,94.2,46.0
2016,LGIH,Cons,0.036,0.943,0.922,0.171,65.0,20.6,23.9
2016,LIND,Cons,0.624,0.269,0.314,0.146,3.6,-14.5,15.9
2016,LNN,Indu,0.080,0.274,0.133,0.337,-5.3,13.7,19.8
2016,LPG,Ener,0.925,0.923,0.996,0.226,-15.0,5.9,18.2
2016,LPX,Basi,0.492,0.313,0.313,0.683,-13.9,45.7,34.3
2016,LZB,Cons,0.328,0.143,0.504,0.426,-24.3,39.6,29.4
2016,MATV,Basi,0.390,0.412,0.657,0.497,4.5,6.5,21.6
2016,MATX,Indu,0.632,0.298,0.580,0.639,6.0,-10.5,19.5
2016,MCRI,Cons,0.246,0.219,0.665,0.031,3.9,27.4,27.3
2016,MELI,Cons,0.586,0.171,0.687,0.976,-23.6,95.4,40.3
2016,MEOH,Basi,0.984,0.777,0.084,0.723,-45.3,84.6,35.1
2016,MGRC,Indu,0.208,0.294,0.482,0.253,-17.1,43.4,29.5
2016,MHO,Cons,0.062,0.257,0.737,0.172,-17.0,47.4,27.9
2016,MIDD,Indu,0.127,0.209,0.744,0.964,-11.2,46.5,27.7
2016,MLI,Indu,0.131,0.464,0.195,0.563,-25.6,59.7,30.1
2016,MLKN,Cons,0.159,0.201,0.446,0.624,-1.1,2.4,17.5
2016,MMYT,Cons,0.823,0.388,0.163,0.321,-25.2,80.0,32.9
2016,MOV,Cons,0.251,0.098,0.490,0.257,-3.5,-14.3,14.6
2016,MPLX,Ener,0.794,0.797,0.973,0.868,-71.4,73.2,31.9
2016,MRCY,Indu,0.261,0.265,0.506,0.224,21.2,77.4,28.9
2016,MTH,Cons,0.255,0.273,0.611,0.526,-11.7,15.2,20.9
2016,MTRN,Basi,0.173,0.482,0.121,0.153,-37.9,61.2,34.8
2016,MTUS,Basi,0.580,0.828,0.075,0.086,-65.6,99.5,35.0
2016,MTX,Basi,0.283,0.905,0.198,0.546,-31.9,101.3,38.2
2016,MTZ,Indu,0.233,0.435,0.120,0.465,-29.3,158.3,53.3
2016,MUR,Ener,0.953,0.766,0.031,0.861,-58.2,76.2,33.5
2016,MUSA,Cons,0.345,0.488,0.130,0.785,-17.5,8.7,20.0
2016,MUX,Basi,0.988,0.930,0.006,0.214,90.1,78.7,32.3
2016,MWA,Indu,0.393,0.191,0.274,0.505,-25.5,74.0,33.0
2016,MYE,Cons,0.551,0.466,0.175,0.047,-37.6,11.1,23.1
2016,MYRG,Indu,0.415,0.239,0.442,0.149,-12.5,61.8,31.1
2016,NAT,Indu,0.926,0.912,0.835,0.483,16.4,-39.6,8.9
2016,NBR,Ener,0.685,0.804,0.102,0.632,-49.8,144.9,56.7
2016,NPK,Indu,0.368,0.439,0.419,0.209,39.3,16.6,22.5
2016,NPO,Indu,0.168,0.253,0.394,0.454,-21.2,34.9,26.2
2016,NVGS,Indu,0.519,0.722,0.770,0.360,-16.8,-31.2,14.6
2016,NX,Basi,0.545,0.838,0.863,0.252,-7.6,2.3,20.3
2016,OII,Ener,0.618,0.596,0.149,0.818,-48.5,-4.7,22.3
2016,OIS,Ener,0.821,0.389,0.058,0.480,-41.3,64.4,33.3
2016,OKE,Ener,0.758,0.532,0.129,0.975,-54.9,148.4,51.5
2016,OLN,Basi,0.516,0.914,0.983,0.789,-39.4,67.1,30.3
2016,OMAB,Indu,0.880,0.268,0.824,0.662,-0.7,-1.3,21.0
2016,OSK,Indu,0.197,0.139,0.228,0.746,-29.9,134.1,43.7
2016,OVV,Ener,0.899,0.908,0.064,0.857,-72.3,247.0,71.8
2016,OXM,Cons,0.616,0.295,0.360,0.470,22.0,-27.7,13.0
2016,P,Indu,0.729,0.808,0.957,0.842,-7.6,-27.4,13.5
2016,PAGP,Ener,0.607,0.762,0.070,0.539,-76.5,99.9,46.4
2016,PATK,Cons,0.048,0.256,0.762,0.110,7.6,105.5,44.4
2016,PDS,Ener,0.845,0.748,0.017,0.335,-54.7,104.9,48.5
2016,PENN,Cons,0.100,0.501,0.635,0.441,-11.6,-1.3,18.7
2016,PII,Cons,0.070,0.448,0.290,0.989,-51.1,20.0,19.6
2016,PKG,Cons,0.118,0.873,0.410,0.992,-38.5,86.5,34.9
2016,PLNT,Cons,0.413,0.477,0.750,0.188,-7.4,45.2,27.3
2016,POOL,Indu,0.021,0.079,0.437,0.895,14.9,40.0,30.3
2016,PRIM,Indu,0.258,0.487,0.374,0.407,12.1,32.0,27.2
2016,PRKS,Cons,0.954,0.072,0.316,0.645,9.2,-13.2,15.3
2016,PWR,Indu,0.423,0.575,0.201,0.878,-32.7,87.0,37.8
2016,QUAD,Indu,0.135,0.104,0.199,0.175,-52.0,142.0,49.5
2016,RBA,Indu,0.139,0.301,0.641,0.774,-10.7,33.6,27.0
2016,RBC,Indu,0.426,0.521,0.853,0.516,-21.7,33.2,26.0
2016,RES,Ener,0.889,0.862,0.028,0.787,-0.9,83.6,34.9
2016,REX,Basi,0.870,0.280,0.170,0.048,-16.8,50.6,26.7
2016,RGLD,Basi,0.769,0.702,0.940,0.695,-57.1,126.6,41.7
2016,RGR,Indu,0.699,0.725,0.786,0.487,39.6,-23.2,16.4
2016,RIG,Ener,0.120,0.453,0.615,0.844,-48.9,62.0,34.7
2016,RRX,Indu,0.356,0.121,0.250,0.767,-28.4,35.2,31.3
2016,RS,Basi,0.318,0.586,0.144,0.966,5.5,43.1,31.0
2016,RUSHA,Cons,0.097,0.676,0.167,0.163,-38.1,75.3,43.9
2016,RYAM,Basi,0.641,0.413,0.409,0.001,-60.1,138.9,40.6
2016,SAH,Cons,0.006,0.013,0.385,0.358,-28.3,32.6,28.8
2016,SEDG,Ener,0.849,0.880,0.961,0.471,32.6,-51.0,10.1
2016,SHAK,Cons,0.434,0.550,0.850,0.313,-10.0,-15.2,16.3
2016,SHOO,Cons,0.101,0.117,0.439,0.690,-3.0,7.2,22.9
2016,SMG,Basi,0.911,0.160,0.106,0.943,0.6,40.0,25.4
2016,SMP,Cons,0.243,0.063,0.266,0.284,-29.5,68.2,33.7
2016,SQM,Basi,0.518,0.340,0.345,0.988,-28.4,71.8,32.0
2016,SSD,Basi,0.171,0.040,0.613,0.577,-5.2,38.5,26.3
2016,STLD,Basi,0.299,0.696,0.041,0.927,-9.8,122.4,38.1
2016,STN,Indu,0.150,0.316,0.203,0.697,-13.5,22.1,25.2
2016,STNG,Indu,0.955,0.949,0.919,0.489,-29.4,-42.4,11.3
2016,SUZ,Basi,0.884,0.573,0.379,0.939,-12.3,22.6,17.4
2016,SWBI,Indu,0.639,0.779,0.937,0.439,94.6,-23.4,15.0
2016,SXI,Indu,0.163,0.177,0.352,0.367,-3.6,33.9,24.8
2016,TECK,Basi,0.476,0.148,0.055,0.705,-75.4,580.0,169.2
2016,TEN,Ener,0.045,0.199,0.384,0.650,-18.1,-27.0,14.0
2016,TEX,Indu,0.207,0.270,0.211,0.720,-19.7,56.6,35.7
2016,TGLS,Basi,0.671,0.585,0.804,0.056,13.4,-11.4,14.9
2016,THO,Cons,0.249,0.427,0.600,0.847,-8.1,102.0,40.1
2016,THRM,Cons,0.317,0.449,0.529,0.573,-9.2,-13.2,18.8
2016,TK,Ener,0.768,0.422,0.834,0.208,-83.1,28.0,29.3
2016,TKR,Indu,0.260,0.530,0.110,0.737,-27.2,57.0,30.8
2016,TNET,Indu,0.392,0.425,0.626,0.382,-65.4,107.3,44.4
2016,TNK,Indu,0.938,0.904,0.985,0.286,-26.8,-45.1,12.3
2016,TOL,Cons,0.313,0.738,0.552,0.998,-29.9,18.4,26.2
2016,TPC,Indu,0.505,0.374,0.294,0.254,-48.4,115.9,46.3
2016,TREX,Indu,0.790,0.510,0.730,0.482,-20.2,75.2,38.1
2016,TRGP,Ener,0.460,0.860,0.093,0.520,-74.1,140.9,47.9
2016,TRN,Indu,0.336,0.690,0.502,0.738,-29.9,35.0,29.2
2016,TTEK,Indu,0.468,0.119,0.312,0.558,0.4,82.9,35.2
2016,TX,Basi,0.553,0.307,0.223,0.784,-30.9,86.3,40.5
2016,UAN,Basi,0.789,0.505,0.565,0.145,-52.0,-7.6,20.0
2016,UFPI,Basi,0.200,0.190,0.414,0.509,20.5,66.9,35.8
2016,ULH,Indu,0.792,0.454,0.289,0.124,-35.9,-13.7,17.8
2016,URBN,Cons,0.231,0.080,0.439,0.879,-28.7,-8.8,17.9
2016,USAC,Ener,0.534,0.631,0.007,0.095,-59.2,135.4,56.7
2016,USLM,Basi,0.669,0.557,0.256,0.010,-22.3,35.7,25.7
2016,VAC,Cons,0.241,0.178,0.533,0.674,-18.9,46.4,30.2
2016,VET,Ener,0.929,0.776,0.065,0.852,-38.9,44.9,30.9
2016,VMI,Indu,0.473,0.250,0.128,0.788,-11.7,29.6,27.3
2016,VNOM,Ener,0.873,0.726,0.511,0.445,-26.2,27.5,27.7
2016,VSEC,Indu,0.107,0.732,0.890,0.026,-26.5,37.1,28.1
2016,W,Cons,0.007,0.592,0.927,0.922,54.9,-7.8,19.0
2016,WCC,Indu,0.012,0.213,0.254,0.649,-43.4,95.7,36.6
2016,WEN,Cons,0.691,0.286,0.528,0.811,-14.1,47.7,37.7
2016,WFG,Basi,0.662,0.511,0.186,0.766,-50.4,39.2,35.3
2016,WGO,Cons,0.028,0.641,0.309,0.216,4.5,30.5,22.7
2016,WING,Cons,0.323,0.164,0.766,0.310,-17.8,7.3,21.1
2016,WLFC,Indu,0.752,0.515,0.705,0.140,-3.1,31.8,26.0
2016,WMS,Indu,0.781,0.230,0.595,0.484,38.5,1.3,11.6
2016,WNC,Indu,0.349,0.240,0.459,0.294,-15.7,64.2,29.8
2016,WOR,Indu,0.186,0.650,0.143,0.552,39.6,38.8,24.8
2016,WSO,Indu,0.013,0.006,0.401,0.963,5.4,28.3,31.6
2016,WWW,Cons,0.401,0.162,0.224,0.605,-40.6,43.5,31.8
2016,ZWS,Indu,0.230,0.290,0.297,0.319,-39.9,43.8,25.9
2018,AAON,Indu,0.221,0.280,0.587,0.494,21.0,8.0,3.4
2018,ABG,Cons,0.015,0.027,0.183,0.510,2.3,7.0,5.5
2018,AGI,Basi,0.761,0.888,0.618,0.574,-40.2,-2.8,4.2
2018,AGX,Indu,0.728,0.803,0.076,0.233,-33.3,17.2,15.4
2018,ALGT,Indu,0.796,0.106,0.418,0.740,-7.4,-21.5,-3.8
2018,ALNT,Indu,0.171,0.316,0.531,0.092,36.2,29.6,3.0
2018,AMRC,Indu,0.098,0.349,0.558,0.095,62.3,81.3,6.2
2018,ARCB,Indu,0.192,0.068,0.193,0.354,15.8,12.3,-5.4
2018,ARCO,Cons,0.449,0.461,0.467,0.654,27.0,-22.5,5.3
2018,ARLP,Ener,0.863,0.500,0.223,0.790,-13.7,-11.0,-2.7
2018,AROC,Ener,0.634,0.838,0.708,0.207,-34.5,6.5,4.4
2018,ATI,Indu,0.653,0.619,0.489,0.878,33.6,-14.4,-2.2
2018,ATRO,Indu,0.532,0.362,0.205,0.377,25.0,-6.6,1.0
2018,AVAV,Indu,0.943,0.789,0.429,0.453,93.2,52.3,5.1
2018,AVNT,Basi,0.184,0.090,0.218,0.889,26.4,-26.3,-3.5
2018,AXON,Indu,0.704,0.438,0.490,0.518,6.2,113.0,6.4
2018,AZZ,Indu,0.474,0.441,0.098,0.392,-33.8,15.1,9.5
2018,BBSI,Indu,0.801,0.037,0.353,0.167,18.9,2.1,3.1
2018,BCC,Basi,0.149,0.130,0.437,0.568,62.2,-31.4,1.2
2018,BCPC,Basi,0.128,0.224,0.579,0.722,-13.8,11.6,3.4
2018,BJRI,Cons,0.423,0.144,0.165,0.302,8.6,32.4,5.7
2018,BLBD,Cons,0.093,0.818,0.358,0.149,33.0,-9.5,5.7
2018,BOOT,Cons,0.340,0.591,0.492,0.114,61.6,33.0,0.1
2018,BSM,Ener,0.938,0.972,0.929,0.898,2.7,-0.2,1.4
2018,BTU,Ener,0.864,0.713,0.515,0.955,30.0,-11.1,5.6
2018,BVN,Basi,0.684,0.617,0.592,0.927,26.4,8.8,3.2
2018,BYD,Cons,0.061,0.199,0.439,0.960,82.0,-24.5,3.1
2018,BZH,Cons,0.031,0.368,0.282,0.174,32.5,-26.6,2.3
2018,CAKE,Cons,0.069,0.212,0.134,0.680,-23.1,0.6,4.4
2018,CAPL,Ener,0.116,0.642,0.297,0.303,-9.1,-28.9,1.0
2018,CAR,Indu,0.993,0.080,0.334,0.850,-4.2,-24.1,3.3
2018,CASY,Cons,0.232,0.338,0.392,0.952,-1.4,14.8,1.5
2018,CBRL,Cons,0.130,0.005,0.285,0.921,0.9,4.7,5.0
2018,CBT,Basi,0.337,0.538,0.597,0.933,14.1,-25.2,2.3
2018,CCJ,Ener,0.854,0.474,0.079,0.863,-21.3,48.8,10.7
2018,CCS,Cons,0.205,0.670,0.909,0.308,25.8,-19.2,5.1
2018,CDE,Basi,0.876,0.537,0.573,0.532,-34.5,-30.0,4.9
2018,CECO,Indu,0.460,0.674,0.028,0.116,69.7,16.7,2.5
2018,CHDN,Cons,0.865,0.552,0.026,0.936,71.8,13.5,4.2
2018,CHH,Cons,0.426,0.305,0.677,0.976,35.2,4.9,3.6
2018,CLF,Basi,0.756,0.815,0.118,0.715,-30.6,38.2,-0.1
2018,CLH,Indu,0.408,0.515,0.285,0.808,-11.4,20.2,4.5
2018,CLMT,Basi,0.485,0.648,0.115,0.186,105.9,-63.7,0.8
2018,CMC,Basi,0.456,0.557,0.566,0.810,16.8,-29.9,-1.7
2018,CMCO,Indu,0.482,0.610,0.731,0.324,39.2,-6.9,1.9
2018,CMP,Basi,0.612,0.805,0.438,0.705,-14.2,-25.1,3.9
2018,CMRE,Indu,0.626,0.166,0.237,0.121,4.3,-21.9,-3.7
2018,CNR,Ener,0.687,0.751,0.175,0.340,44.2,3.6,0.0
2018,CNX,Ener,0.959,0.837,0.023,0.838,-19.2,-1.1,-1.8
2018,CODI,Indu,0.365,0.746,0.329,0.384,-0.6,-4.6,3.6
2018,CPAC,Basi,0.410,0.264,0.334,0.392,27.9,-18.0,4.2
2018,CPS,Cons,0.062,0.028,0.345,0.681,8.1,-36.4,2.0
2018,CRAI,Indu,0.159,0.188,0.451,0.047,24.1,-3.8,4.4
2018,CRC,Ener,0.935,0.827,0.707,0.328,14.0,5.8,2.0
2018,CROX,Cons,0.694,0.240,0.088,0.318,77.4,133.0,8.6
2018,CRS,Basi,0.588,0.572,0.473,0.718,15.5,-10.1,-1.2
2018,CSW,Indu,0.647,0.432,0.171,0.222,12.5,24.3,11.8
2018,CTRN,Cons,0.040,0.174,0.408,0.041,40.4,-22.7,2.5
2018,CVCO,Cons,0.371,0.295,0.425,0.492,52.5,9.2,3.4
2018,CZR,Cons,0.638,0.862,0.951,0.734,81.1,47.6,7.6
2018,DCH,Cons,0.152,0.864,0.924,0.596,-25.7,-3.4,3.5
2018,DCO,Indu,0.039,0.435,0.128,0.013,-7.5,49.4,5.5
2018,DDS,Cons,0.644,0.118,0.301,0.715,54.8,-20.9,2.1
2018,DECK,Cons,0.690,0.451,0.590,0.794,57.0,45.7,-2.0
2018,DHT,Indu,0.973,0.665,0.283,0.115,-26.2,19.1,6.1
2018,DKL,Ener,0.467,0.767,0.663,0.277,-0.6,-3.6,0.9
2018,DKS,Cons,0.143,0.011,0.324,0.865,-31.6,18.3,2.1
2018,DMLP,Ener,0.858,0.885,0.970,0.126,-4.3,14.9,2.5
2018,DQ,Ener,0.804,0.910,0.977,0.164,105.3,-30.3,3.4
2018,DXPE,Indu,0.024,0.579,0.474,0.188,-13.5,-1.7,3.4
2018,DY,Indu,0.652,0.608,0.107,0.875,13.0,-43.2,2.1
2018,EBF,Indu,0.302,0.703,0.251,0.138,19.6,0.2,15.5
2018,EFXT,Ener,0.620,0.889,0.848,0.365,-21.5,23.4,5.3
2018,EGO,Basi,0.836,0.518,0.029,0.309,-71.2,-16.4,2.6
2018,EMBJ,Indu,0.192,0.825,0.012,0.980,6.1,-22.9,3.1
2018,ENR,Indu,0.553,0.219,0.524,0.890,11.7,-18.0,0.1
2018,ENS,Indu,0.146,0.229,0.551,0.795,-14.6,33.3,8.4
2018,EPAC,Indu,0.125,0.270,0.252,0.496,-15.4,12.7,8.1
2018,ESI,Basi,0.169,0.694,0.220,0.832,-18.4,10.0,3.4
2018,ETSY,Cons,0.162,0.334,0.667,0.763,73.5,169.5,7.2
2018,FCN,Indu,0.375,0.161,0.312,0.606,16.8,45.0,7.3
2018,FET,Ener,0.291,0.904,0.831,0.536,-42.8,-62.2,3.8
2018,FIVE,Cons,0.699,0.168,0.785,0.912,76.1,74.6,11.8
2018,FIX,Indu,0.172,0.225,0.475,0.555,27.9,23.0,5.3
2018,FND,Cons,0.042,0.678,0.768,0.977,36.3,-16.8,3.8
2018,FOXF,Cons,0.114,0.370,0.460,0.535,42.4,62.6,4.9
2018,FRO,Indu,0.966,0.958,0.004,0.225,-45.0,62.8,6.0
2018,FSM,Basi,0.710,0.745,0.946,0.271,1.5,-22.5,1.8
2018,FSS,Indu,0.196,0.810,0.751,0.470,43.8,7.2,3.9
2018,FTAI,Indu,0.982,0.711,0.758,0.404,4.9,-0.4,3.7
2018,FTK,Ener,0.541,0.511,0.194,0.008,-47.0,-43.3,3.0
2018,FUL,Basi,0.334,0.247,0.484,0.809,9.2,-21.5,-3.5
2018,FUN,Cons,0.287,0.509,0.554,0.917,2.1,-21.8,3.8
2018,FWRD,Indu,0.085,0.259,0.510,0.603,27.3,-0.3,6.0
2018,GBX,Indu,0.500,0.534,0.232,0.570,8.4,-16.3,-1.3
2018,GEL,Ener,0.547,0.812,0.899,0.759,-40.6,6.1,4.1
2018,GEO,Indu,0.052,0.320,0.290,0.730,-37.0,17.5,5.7
2018,GIII,Cons,0.168,0.302,0.176,0.565,67.6,6.5,10.1
2018,GLP,Ener,0.021,0.698,0.178,0.152,-15.9,17.5,2.5
2018,GME,Cons,0.546,0.331,0.295,0.531,-40.9,-26.8,10.0
2018,GNRC,Indu,0.322,0.443,0.655,0.796,13.1,13.6,7.5
2018,GOLF,Cons,0.216,0.156,0.325,0.576,30.2,11.1,3.0
2018,GOOS,Cons,0.918,0.928,0.877,0.885,97.7,86.2,19.1
2018,GPK,Cons,0.290,0.010,0.320,0.991,21.1,-20.7,0.4
2018,GPRE,Basi,0.480,0.396,0.137,0.321,-29.9,-22.0,3.9
2018,GPRK,Ener,0.971,0.897,0.931,0.193,61.1,93.4,5.2
2018,GRBK,Cons,0.241,0.497,0.553,0.148,15.4,-12.8,0.2
2018,GRC,Indu,0.382,0.195,0.306,0.255,-13.0,19.5,8.6
2018,GSM,Basi,0.768,0.516,0.499,0.777,55.0,-86.5,0.2
2018,HBM,Basi,0.835,0.842,0.829,0.669,-1.8,-26.6,3.0
2018,HESM,Ener,0.274,0.729,0.786,0.435,-20.6,0.5,2.2
2018,HGV,Cons,0.329,0.069,0.550,0.957,39.6,-24.9,2.8
2018,HL,Basi,0.714,0.852,0.298,0.550,-35.6,-25.1,2.9
2018,HLIO,Indu,0.628,0.885,0.904,0.549,50.1,-32.8,1.0
2018,HLX,Ener,0.813,0.806,0.607,0.357,-24.1,14.1,4.4
2018,HNI,Cons,0.269,0.052,0.189,0.546,-24.3,18.5,13.3
2018,HTLD,Indu,0.688,0.616,0.503,0.577,-1.7,-0.8,3.8
2018,HUBG,Indu,0.142,0.308,0.468,0.534,1.7,0.5,10.1
2018,HURN,Indu,0.567,0.282,0.085,0.334,-8.6,33.0,4.0
2018,HWKN,Basi,0.402,0.598,0.238,0.032,-34.0,31.9,13.6
2018,IAG,Basi,0.635,0.540,0.403,0.782,32.9,-35.3,2.8
2018,ICFI,Indu,0.115,0.084,0.379,0.415,10.4,30.5,3.9
2018,IESC,Indu,0.197,0.436,0.182,0.039,-8.3,-1.2,4.2
2018,IIIN,Indu,0.723,0.297,0.257,0.195,-7.5,-22.6,-1.7
2018,IOSP,Basi,0.674,0.828,0.837,0.569,-4.3,10.3,7.9
2018,JBTM,Indu,0.104,0.206,0.577,0.870,22.9,-15.0,11.4
2018,KAI,Indu,0.399,0.676,0.839,0.426,57.9,-10.4,2.7
2018,KBH,Cons,0.252,0.241,0.548,0.868,106.9,-38.5,-1.0
2018,KEX,Indu,0.531,0.779,0.817,0.966,16.2,-4.7,-2.1
2018,KFRC,Indu,0.099,0.029,0.260,0.213,13.1,38.2,7.1
2018,KFY,Indu,0.112,0.635,0.557,0.723,40.5,8.3,3.1
2018,KOS,Ener,0.869,0.994,0.377,0.713,1.3,-4.8,1.4
2018,KRNT,Indu,0.586,0.568,0.093,0.104,-21.1,58.3,8.2
2018,KRO,Basi,0.879,0.577,0.844,0.791,71.2,-38.7,-1.0
2018,KTOS,Indu,0.686,0.399,0.179,0.464,37.6,42.7,5.3
2018,KWR,Basi,0.226,0.173,0.399,0.622,8.2,47.3,5.4
2018,LAD,Cons,0.005,0.124,0.465,0.802,7.0,-22.6,3.7
2018,LCII,Cons,0.383,0.276,0.736,0.798,-2.2,-29.1,7.1
2018,LGIH,Cons,0.137,0.715,0.915,0.554,92.0,-2.4,2.9
2018,LIND,Cons,0.785,0.285,0.229,0.069,1.7,47.7,5.4
2018,LNN,Indu,0.389,0.330,0.259,0.370,4.1,2.9,13.9
2018,LPX,Basi,0.784,0.262,0.796,0.962,45.0,-20.3,5.2
2018,LZB,Cons,0.043,0.129,0.325,0.500,-1.9,8.7,4.2
2018,MATV,Basi,0.297,0.344,0.563,0.468,-6.8,-16.0,3.6
2018,MATX,Indu,0.476,0.254,0.164,0.529,-5.7,4.1,4.2
2018,MCFT,Cons,0.275,0.633,0.869,0.073,51.1,5.0,10.5
2018,MCRI,Cons,0.377,0.050,0.346,0.310,84.1,-1.5,4.0
2018,MGRC,Indu,0.385,0.179,0.678,0.448,27.4,11.0,3.3
2018,MHO,Cons,0.229,0.246,0.536,0.379,31.4,-19.8,0.7
2018,MLI,Indu,0.233,0.263,0.342,0.564,-32.3,-5.2,4.0
2018,MLKN,Cons,0.161,0.151,0.371,0.694,27.6,-3.8,6.5
2018,MMYT,Cons,0.900,0.637,0.289,0.853,-1.8,-25.6,4.0
2018,MOD,Indu,0.166,0.770,0.778,0.436,69.9,-37.5,-1.1
2018,MOV,Cons,0.477,0.363,0.481,0.331,53.6,-15.0,8.5
2018,MRCY,Indu,0.242,0.654,0.575,0.704,56.0,0.0,-3.9
2018,MTH,Cons,0.086,0.377,0.369,0.653,44.4,-19.4,-3.2
2018,MTRN,Basi,0.082,0.576,0.656,0.394,44.8,-8.7,2.8
2018,MTX,Basi,0.089,0.269,0.458,0.778,-6.2,-23.8,-1.1
2018,MTZ,Indu,0.511,0.602,0.484,0.951,38.9,-16.7,2.5
2018,MUSA,Cons,0.151,0.489,0.300,0.823,35.0,-5.4,-4.6
2018,MUX,Basi,0.961,0.906,0.907,0.256,-38.4,-10.7,3.9
2018,MWA,Indu,0.826,0.609,0.395,0.617,-13.7,-15.3,-0.3
2018,MYE,Cons,0.369,0.273,0.266,0.208,52.6,-15.8,2.4
2018,MYRG,Indu,0.349,0.541,0.299,0.177,-7.0,-5.6,3.0
2018,NBR,Ener,0.679,0.819,0.811,0.623,-56.9,-53.3,1.4
2018,NMM,Indu,0.869,0.580,0.776,0.006,2.0,-51.4,2.2
2018,NPK,Indu,0.838,0.782,0.897,0.235,1.7,12.1,3.6
2018,NPO,Indu,0.129,0.470,0.635,0.608,19.9,-17.7,5.4
2018,NRP,Ener,0.692,0.618,0.883,0.049,-21.5,31.9,6.9
2018,NVGS,Indu,0.840,0.242,0.354,0.205,2.7,-2.7,6.4
2018,NX,Basi,0.386,0.761,0.129,0.198,-5.7,-1.4,3.7
2018,OII,Ener,0.613,0.383,0.119,0.619,-28.2,-19.7,2.9
2018,OIS,Ener,0.321,0.644,0.156,0.516,-29.4,-39.2,2.9
2018,OMAB,Indu,0.904,0.539,0.869,0.650,-15.0,6.6,2.4
2018,OXM,Cons,0.515,0.210,0.405,0.469,41.2,1.2,11.7
2018,P,Indu,0.034,0.718,0.733,0.986,92.2,-6.1,4.9
2018,PAAS,Basi,0.862,0.677,0.834,0.720,-18.8,-4.3,3.9
2018,PAGP,Ener,0.607,0.796,0.605,0.836,-38.2,11.8,4.8
2018,PATK,Cons,0.041,0.303,0.808,0.438,26.0,-37.4,1.9
2018,PENN,Cons,0.068,0.127,0.269,0.727,89.2,-4.7,9.6
2018,PKE,Indu,0.507,0.428,0.157,0.067,14.9,-9.3,-3.2
2018,PLNT,Cons,0.681,0.213,0.752,0.804,50.1,73.0,8.7
2018,POWL,Indu,0.700,0.298,0.052,0.030,-21.6,-3.7,4.1
2018,PRIM,Indu,0.300,0.608,0.144,0.461,-4.1,-7.9,1.7
2018,PRKS,Cons,0.967,0.364,0.348,0.454,-23.5,84.4,24.8
2018,QUAD,Indu,0.576,0.032,0.167,0.519,3.6,-47.8,2.2
2018,RBA,Indu,0.975,0.558,0.760,0.896,-3.8,12.0,2.1
2018,RBC,Indu,0.215,0.525,0.630,0.608,-0.9,5.0,4.5
2018,RES,Ener,0.915,0.982,0.946,0.992,-0.4,-49.0,-2.0
2018,REX,Basi,0.752,0.329,0.080,0.146,-3.1,1.1,9.5
2018,RGR,Indu,0.581,0.754,0.070,0.315,-6.0,24.8,5.4
2018,RIG,Ener,0.729,0.520,0.037,0.932,-36.5,-1.8,3.8
2018,RRX,Indu,0.227,0.284,0.376,0.848,-1.8,7.1,6.0
2018,RUSHA,Cons,0.023,0.574,0.455,0.495,50.2,-22.4,3.7
2018,RYAM,Basi,0.721,0.687,0.788,0.455,22.4,-28.8,2.3
2018,SAH,Cons,0.026,0.031,0.215,0.333,-22.7,-24.6,1.8
2018,SBLK,Indu,0.962,0.795,0.945,0.294,30.2,-37.6,0.1
2018,SD,Ener,0.871,0.731,0.054,0.158,-21.8,-49.4,2.8
2018,SE,Cons,0.924,0.562,0.005,0.891,-24.6,29.7,3.9
2018,SEDG,Ener,0.392,0.768,0.921,0.593,155.4,17.4,6.5
2018,SHAK,Cons,0.257,0.215,0.669,0.419,14.1,28.3,5.3
2018,SHOO,Cons,0.199,0.233,0.374,0.742,18.0,11.6,3.5
2018,SIG,Cons,0.751,0.140,0.343,0.749,-45.4,-27.7,4.4
2018,SMP,Cons,0.164,0.272,0.287,0.450,2.9,0.9,3.4
2018,SSD,Basi,0.336,0.088,0.539,0.773,29.1,8.5,6.1
2018,SSRM,Basi,0.872,0.851,0.169,0.376,-23.6,67.0,7.2
2018,STN,Indu,0.625,0.797,0.239,0.816,-3.4,-3.9,4.9
2018,STNG,Indu,0.954,0.783,0.673,0.237,-39.4,-25.7,3.6
2018,STRL,Indu,0.319,0.606,0.804,0.021,30.3,19.6,4.5
2018,SUN,Ener,0.817,0.952,0.181,0.826,8.0,0.9,4.4
2018,SWBI,Indu,0.764,0.861,0.046,0.061,-51.5,18.8,6.2
2018,SXC,Basi,0.600,0.454,0.445,0.254,12.1,-1.5,0.1
2018,SXI,Indu,0.070,0.448,0.569,0.477,2.7,-22.9,-3.4
2018,TEN,Ener,0.123,0.038,0.376,0.351,-24.1,-17.0,2.0
2018,TEX,Indu,0.420,0.636,0.307,0.906,33.7,-17.9,6.3
2018,TFII,Indu,0.398,0.724,0.504,0.677,-10.7,29.5,6.3
2018,TGLS,Basi,0.622,0.519,0.254,0.010,-16.2,-7.7,1.0
2018,THRM,Cons,0.331,0.147,0.372,0.459,-13.4,28.6,5.2
2018,TK,Ener,0.739,0.587,0.060,0.234,-19.3,-49.7,4.2
2018,TKR,Indu,0.463,0.454,0.567,0.902,3.8,-5.4,5.7
2018,TNET,Indu,0.403,0.159,0.258,0.823,54.9,17.1,1.9
2018,TPC,Indu,0.113,0.146,0.146,0.421,-20.4,-19.1,2.5
2018,TREX,Indu,0.775,0.390,0.775,0.857,57.1,39.0,5.0
2018,TRN,Indu,0.060,0.218,0.130,0.924,24.7,1.0,4.4
2018,TROX,Basi,0.782,0.593,0.124,0.729,4.6,-43.2,3.0
2018,TTEK,Indu,0.059,0.327,0.423,0.800,16.8,-2.2,-4.7
2018,TTI,Ener,0.823,0.807,0.494,0.075,-19.0,-39.1,2.2
2018,UFPI,Basi,0.049,0.410,0.366,0.692,3.9,-10.3,3.9
2018,ULH,Indu,0.793,0.408,0.485,0.201,61.8,7.1,4.6
2018,URBN,Cons,0.470,0.034,0.325,0.940,45.5,-18.3,2.8
2018,USAC,Ener,0.509,0.373,0.356,0.429,-2.6,-16.4,6.4
2018,USLM,Basi,0.428,0.190,0.390,0.078,1.0,-7.5,-1.7
2018,VAC,Cons,0.605,0.471,0.126,0.914,42.4,-29.6,2.2
2018,VET,Ener,0.921,0.708,0.742,0.926,-19.2,-18.9,4.3
2018,VMI,Indu,0.244,0.321,0.339,0.884,8.9,-12.0,3.8
2018,VNOM,Ener,0.949,0.939,0.988,0.780,31.9,34.6,5.7
2018,VSEC,Indu,0.441,0.631,0.120,0.133,14.8,-23.8,4.0
2018,VVX,Indu,0.016,0.394,0.196,0.004,10.5,2.9,5.4
2018,WCC,Indu,0.007,0.189,0.349,0.838,-9.8,-18.8,-1.1
2018,WEN,Cons,0.816,0.371,0.453,0.939,18.5,8.9,4.7
2018,WGO,Cons,0.350,0.831,0.634,0.485,41.5,-30.4,4.5
2018,WING,Cons,0.909,0.138,0.762,0.498,75.5,41.5,7.3
2018,WLFC,Indu,0.707,0.672,0.380,0.156,12.1,30.0,3.0
2018,WMS,Indu,0.571,0.762,0.383,0.493,-1.4,7.9,10.8
2018,WNC,Indu,0.415,0.453,0.500,0.520,33.7,-37.0,-2.2
2018,WOR,Indu,0.405,0.485,0.501,0.566,-15.2,-13.3,9.2
2018,WSC,Indu,0.487,0.999,0.996,0.407,37.5,-23.2,2.4
2018,WTI,Ener,0.989,0.814,0.675,0.153,48.5,26.0,4.7
2018,WWW,Cons,0.188,0.293,0.037,0.807,16.9,33.9,5.8
2018,XPO,Indu,0.906,0.955,0.384,0.947,86.1,-33.7,4.2
2018,ZWS,Indu,0.393,0.094,0.493,0.572,28.0,-11.6,-4.3
2020,AAON,Indu,0.694,0.181,0.615,0.818,38.5,35.2,49.4
2020,ABG,Cons,0.012,0.011,0.385,0.631,34.8,52.5,47.3
2020,ADT,Indu,0.241,0.063,0.476,0.983,-17.4,63.5,56.8
2020,AG,Basi,0.855,0.679,0.129,0.632,34.7,86.9,54.3
2020,AGI,Basi,0.862,0.575,0.726,0.744,33.8,15.3,30.3
2020,AGX,Indu,0.864,0.459,0.062,0.191,-27.1,45.4,55.0
2020,ALGT,Indu,0.677,0.023,0.681,0.752,29.8,15.0,37.2
2020,ALNT,Indu,0.062,0.192,0.605,0.115,-23.8,50.0,56.1
2020,AMRC,Indu,0.448,0.566,0.805,0.395,31.4,148.4,77.3
2020,AR,Ener,0.902,0.747,0.065,0.172,-80.5,436.2,161.8
2020,ARCB,Indu,0.337,0.254,0.163,0.226,-37.6,86.2,57.7
2020,ARCO,Cons,0.250,0.337,0.343,0.239,-53.3,64.2,73.8
2020,ARKO,Cons,0.490,0.597,0.455,0.957,-1.1,0.4,40.1
2020,ARLP,Ener,0.618,0.502,0.176,0.423,-52.5,-45.4,16.7
2020,AROC,Ener,0.503,0.126,0.808,0.469,-14.8,18.4,33.7
2020,ATI,Indu,0.232,0.260,0.335,0.801,-22.7,-8.0,26.5
2020,ATRO,Indu,0.625,0.644,0.098,0.179,-39.4,-18.5,26.8
2020,AVAV,Indu,0.568,0.799,0.104,0.464,-30.2,91.3,57.7
2020,AVNT,Basi,0.180,0.453,0.114,0.774,9.3,18.3,39.8
2020,AXON,Indu,0.624,0.437,0.776,0.979,28.1,109.4,76.5
2020,AZZ,Indu,0.265,0.533,0.695,0.446,7.9,5.0,32.9
2020,BAK,Basi,0.772,0.635,0.052,0.971,-61.5,64.2,46.5
2020,BALY,Cons,0.710,0.386,0.762,0.331,-13.3,128.5,57.1
2020,BBSI,Indu,0.842,0.053,0.346,0.200,5.1,-4.8,30.8
2020,BCC,Basi,0.189,0.505,0.298,0.547,42.8,28.9,42.7
2020,BCPC,Basi,0.166,0.222,0.478,0.858,16.3,11.8,34.4
2020,BE,Indu,0.638,0.932,0.018,0.230,-50.3,687.6,387.8
2020,BJRI,Cons,0.328,0.021,0.371,0.308,-15.9,25.4,36.9
2020,BLBD,Cons,0.208,0.534,0.235,0.180,5.7,9.1,32.5
2020,BOOT,Cons,0.245,0.096,0.584,0.451,80.1,38.1,41.6
2020,BSM,Ener,0.913,0.954,0.131,0.658,-45.2,-5.2,31.4
2020,BTU,Ener,0.584,0.416,0.067,0.341,-71.0,-53.3,14.1
2020,BVN,Basi,0.949,0.691,0.147,0.833,-24.6,-6.3,25.8
2020,BWMX,Cons,0.239,0.603,0.813,0.014,-7.7,361.2,160.6
2020,BYD,Cons,0.017,0.582,0.511,0.925,22.8,55.7,47.1
2020,BZH,Cons,0.075,0.249,0.287,0.161,32.0,7.6,32.6
2020,CAKE,Cons,0.009,0.183,0.520,0.587,-11.9,22.4,36.0
2020,CAPL,Ener,0.046,0.591,0.196,0.219,10.3,-9.6,28.4
2020,CAR,Indu,0.774,0.069,0.410,0.839,46.8,3.5,30.6
2020,CARG,Cons,0.019,0.308,0.705,0.914,-20.2,4.4,31.0
2020,CBRL,Cons,0.102,0.056,0.439,0.909,-2.5,-1.2,32.8
2020,CBT,Basi,0.392,0.458,0.212,0.702,-16.6,9.4,32.1
2020,CCJ,Ener,0.856,0.673,0.517,0.862,-30.6,76.7,55.3
2020,CCS,Cons,0.117,0.754,0.656,0.374,33.2,52.0,44.8
2020,CDE,Basi,0.899,0.647,0.824,0.524,12.4,43.8,42.2
2020,CLF,Basi,0.841,0.734,0.166,0.635,-39.2,135.1,64.8
2020,CLH,Indu,0.339,0.149,0.331,0.961,14.3,11.4,36.4
2020,CMC,Basi,0.428,0.454,0.496,0.758,37.4,2.0,33.1
2020,CMCO,Indu,0.051,0.309,0.266,0.330,2.6,9.5,31.5
2020,CMP,Basi,0.691,0.223,0.557,0.640,11.2,9.7,34.1
2020,CMRE,Indu,0.781,0.620,0.854,0.259,71.7,-3.3,28.6
2020,CNX,Ener,0.918,0.798,0.084,0.477,-42.3,77.3,53.8
2020,CODI,Indu,0.196,0.717,0.173,0.410,20.8,18.8,38.8
2020,CPA,Indu,0.646,0.237,0.315,0.973,13.2,-27.3,21.6
2020,CPAC,Basi,0.219,0.296,0.585,0.284,-8.6,-7.3,28.2
2020,CPS,Cons,0.549,0.332,0.108,0.033,-73.3,88.0,64.0
2020,CRAI,Indu,0.379,0.055,0.475,0.040,-10.9,32.7,44.4
2020,CRI,Cons,0.113,0.047,0.480,0.949,-3.4,-2.0,28.6
2020,CRK,Ener,0.885,0.963,0.967,0.545,-19.0,-2.7,34.7
2020,CROX,Cons,0.615,0.229,0.600,0.639,10.8,192.2,105.9
2020,CRS,Basi,0.262,0.313,0.421,0.652,-10.5,-18.7,24.7
2020,CSW,Indu,0.226,0.306,0.539,0.390,33.8,70.9,53.2
2020,CTOS,Indu,0.292,0.857,0.777,0.213,-74.7,212.3,127.7
2020,CVCO,Cons,0.131,0.303,0.608,0.634,30.4,-13.4,26.3
2020,CVI,Ener,0.502,0.616,0.188,0.771,-20.5,-33.0,19.0
2020,CYD,Indu,0.320,0.562,0.743,0.168,-22.6,19.2,44.8
2020,CYRX,Indu,0.417,0.442,0.835,0.208,63.9,242.2,111.7
2020,CZR,Cons,0.442,0.854,0.220,0.927,8.3,74.7,58.0
2020,DCH,Cons,0.342,0.778,0.051,0.356,-47.9,20.4,36.0
2020,DCO,Indu,0.195,0.022,0.553,0.152,0.8,32.1,38.9
2020,DDS,Cons,0.631,0.051,0.242,0.492,-14.2,37.3,48.0
2020,DHT,Indu,0.972,0.806,0.917,0.351,44.1,3.3,32.2
2020,DK,Ener,0.582,0.908,0.206,0.600,-28.0,1.8,33.8
2020,DKL,Ener,0.521,0.627,0.354,0.224,-11.8,54.2,51.2
2020,DKS,Cons,0.116,0.121,0.354,0.822,3.6,113.8,68.3
2020,DMLP,Ener,0.728,0.713,0.826,0.163,-15.9,-3.4,35.3
2020,DQ,Ener,0.930,0.781,0.916,0.303,71.3,524.3,218.0
2020,DXPE,Indu,0.037,0.382,0.213,0.103,-27.4,47.5,45.2
2020,DY,Indu,0.441,0.279,0.221,0.352,-30.2,156.2,82.0
2020,EBF,Indu,0.229,0.209,0.483,0.106,-16.7,22.6,45.6
2020,ECVT,Basi,0.388,0.233,0.262,0.659,-9.3,16.3,25.3
2020,EFXT,Ener,0.454,0.590,0.748,0.243,-42.7,-13.0,23.5
2020,EGO,Basi,0.954,0.933,0.980,0.453,74.9,64.9,45.5
2020,EMBJ,Indu,0.928,0.939,0.031,0.459,-65.4,48.4,55.0
2020,ENR,Indu,0.702,0.748,0.789,0.893,8.2,-7.1,28.9
2020,ENS,Indu,0.049,0.145,0.501,0.852,-12.8,22.4,38.6
2020,EPAC,Indu,0.757,0.756,0.049,0.399,-23.3,36.3,60.0
2020,EQT,Ener,0.814,0.924,0.005,0.484,-70.4,232.0,128.5
2020,ERO,Basi,0.906,0.973,0.132,0.204,-44.5,188.8,128.2
2020,ESI,Basi,0.109,0.782,0.429,0.773,-3.6,64.8,53.8
2020,EXP,Basi,0.445,0.185,0.633,0.897,24.3,22.9,35.4
2020,FCN,Indu,0.404,0.094,0.627,0.945,46.6,-0.1,33.5
2020,FIVE,Cons,0.664,0.084,0.712,0.814,-55.3,261.0,162.1
2020,FIX,Indu,0.163,0.110,0.645,0.568,-12.5,40.5,46.7
2020,FLNG,Ener,0.990,0.913,0.957,0.051,-46.1,36.8,48.5
2020,FOXF,Cons,0.112,0.216,0.691,0.713,-0.7,133.6,82.6
2020,FRO,Indu,0.966,0.634,0.940,0.468,18.7,-5.4,36.1
2020,FSM,Basi,0.823,0.506,0.646,0.096,-26.3,159.8,97.1
2020,FSS,Indu,0.105,0.426,0.581,0.590,23.0,26.0,46.1
2020,FTAI,Indu,0.764,0.841,0.687,0.480,12.5,48.2,54.2
2020,FUL,Basi,0.124,0.660,0.286,0.748,13.3,7.3,33.5
2020,FUN,Cons,0.244,0.294,0.373,0.825,4.7,-15.9,24.2
2020,FWRD,Indu,0.031,0.268,0.473,0.622,15.0,25.3,38.6
2020,GBX,Indu,0.588,0.531,0.683,0.342,-27.9,27.7,38.8
2020,GEL,Ener,0.496,0.884,0.234,0.616,-28.7,-54.2,13.3
2020,GEO,Indu,0.134,0.029,0.448,0.675,-22.5,-50.2,15.1
2020,GIII,Cons,0.301,0.048,0.297,0.060,-80.5,312.4,184.8
2020,GLNG,Ener,0.971,0.988,0.548,0.419,-44.9,-4.1,32.2
2020,GOLF,Cons,0.096,0.213,0.460,0.624,2.6,72.0,62.9
2020,GOOS,Cons,0.729,0.893,0.786,0.889,-38.2,10.5,32.9
2020,GPK,Cons,0.210,0.605,0.386,0.978,30.4,0.3,31.4
2020,GPRK,Ener,0.280,0.904,0.595,0.382,-4.1,-2.7,29.2
2020,GRBK,Cons,0.074,0.333,0.699,0.187,22.1,77.5,57.0
2020,GRC,Indu,0.140,0.280,0.264,0.336,6.1,-9.3,27.8
2020,GT,Cons,0.144,0.106,0.257,0.755,-38.1,10.1,33.5
2020,HBM,Basi,0.874,0.711,0.184,0.307,-49.0,119.1,65.1
2020,HCC,Ener,0.951,0.836,0.072,0.369,-30.3,25.7,33.0
2020,HESM,Ener,0.353,0.480,0.904,0.467,11.2,-6.7,30.3
2020,HGV,Cons,0.669,0.703,0.194,0.722,-14.1,42.2,49.1
2020,HLIO,Indu,0.047,0.766,0.298,0.461,2.4,65.2,48.8
2020,HLX,Ener,0.845,0.666,0.401,0.400,10.1,-34.2,21.8
2020,HNI,Cons,0.218,0.095,0.438,0.560,-9.0,-6.6,22.9
2020,HP,Ener,0.609,0.643,0.142,0.965,-24.3,-33.9,22.0
2020,HTLD,Indu,0.597,0.537,0.590,0.565,1.0,-6.6,26.1
2020,HUBG,Indu,0.242,0.463,0.174,0.591,21.8,0.0,29.5
2020,HUN,Basi,0.386,0.504,0.094,0.994,-6.3,31.2,39.5
2020,HURN,Indu,0.287,0.081,0.521,0.498,17.8,-4.9,31.6
2020,HWKN,Basi,0.399,0.272,0.236,0.118,0.9,17.4,33.5
2020,ICFI,Indu,0.240,0.152,0.412,0.526,7.7,10.1,40.2
2020,IESC,Indu,0.067,0.285,0.498,0.159,46.3,99.1,61.9
2020,IIIN,Indu,0.767,0.500,0.185,0.126,11.6,7.5,33.7
2020,IOSP,Basi,0.153,0.262,0.377,0.745,37.4,-3.4,29.2
2020,JBTM,Indu,0.384,0.347,0.544,0.717,-20.5,79.9,70.9
2020,KAI,Indu,0.225,0.536,0.574,0.470,28.5,30.9,39.5
2020,KBH,Cons,0.160,0.325,0.611,0.871,68.6,-9.0,27.6
2020,KEX,Indu,0.253,0.777,0.177,0.982,3.7,-34.3,19.9
2020,KFRC,Indu,0.023,0.156,0.239,0.293,-0.6,28.1,39.9
2020,KFY,Indu,0.080,0.199,0.451,0.572,-32.1,79.3,68.8
2020,KOS,Ener,0.961,0.803,0.935,0.558,-36.5,-32.2,22.5
2020,KRNT,Indu,0.654,0.169,0.717,0.590,105.2,128.1,70.8
2020,KRO,Basi,0.847,0.465,0.402,0.338,-47.6,90.4,71.2
2020,KTOS,Indu,0.164,0.602,0.497,0.672,12.3,55.6,49.3
2020,KWR,Basi,0.249,0.796,0.936,0.777,-25.2,88.8,62.7
2020,LAD,Cons,0.005,0.247,0.440,0.820,56.1,162.0,74.7
2020,LCII,Cons,0.233,0.529,0.408,0.761,39.4,40.3,42.7
2020,LGIH,Cons,0.151,0.696,0.847,0.657,36.4,44.2,47.9
2020,LIND,Cons,0.723,0.350,0.306,0.223,-3.1,48.1,41.7
2020,LNN,Indu,0.596,0.486,0.361,0.405,21.4,31.1,37.8
2020,LPG,Ener,0.981,0.941,0.954,0.242,128.0,-6.3,27.4
2020,LPX,Basi,0.886,0.551,0.096,0.905,24.3,31.6,40.8
2020,LZB,Cons,0.181,0.122,0.424,0.531,0.9,25.5,38.0
2020,M,Cons,0.251,0.085,0.288,0.974,-40.9,4.7,34.8
2020,MATV,Basi,0.324,0.164,0.309,0.372,-3.3,30.3,38.7
2020,MATX,Indu,0.367,0.174,0.242,0.548,3.2,108.0,69.1
2020,MCFT,Cons,0.488,0.742,0.170,0.056,-15.5,46.4,46.2
2020,MCRI,Cons,0.955,0.006,0.484,0.146,-41.0,132.6,91.3
2020,MEOH,Basi,0.964,0.792,0.592,0.782,-35.7,-8.6,29.7
2020,MGRC,Indu,0.267,0.153,0.728,0.603,42.6,5.8,35.2
2020,MGY,Ener,1.000,0.900,0.244,0.550,-26.0,9.1,31.0
2020,MHO,Cons,0.090,0.212,0.394,0.454,47.3,14.5,33.4
2020,MLI,Indu,0.277,0.298,0.294,0.601,8.6,4.7,30.8
2020,MLKN,Cons,0.063,0.006,0.474,0.327,-56.8,174.5,123.3
2020,MLR,Cons,0.073,0.367,0.536,0.037,-10.6,37.1,43.1
2020,MMYT,Cons,0.806,0.714,0.259,0.826,7.2,0.5,27.5
2020,MOD,Indu,0.064,0.388,0.157,0.073,-46.5,72.2,52.2
2020,MRCY,Indu,0.371,0.490,0.691,0.953,54.1,-9.5,28.4
2020,MTH,Cons,0.213,0.195,0.569,0.769,69.7,35.3,44.0
2020,MTRN,Basi,0.252,0.388,0.243,0.403,-1.1,25.0,37.4
2020,MTX,Basi,0.061,0.166,0.388,0.625,-5.8,16.4,37.0
2020,MTZ,Indu,0.320,0.503,0.208,0.923,21.3,70.2,62.2
2020,MUR,Ener,0.812,0.476,0.364,0.849,-22.4,-34.0,20.0
2020,MUSA,Cons,0.150,0.335,0.256,0.883,40.3,13.6,36.7
2020,MWA,Indu,0.352,0.139,0.525,0.620,22.0,0.9,30.9
2020,MYE,Cons,0.316,0.230,0.165,0.135,-28.8,76.5,57.6
2020,MYRG,Indu,0.133,0.563,0.676,0.107,-15.0,134.6,73.8
2020,NBR,Ener,0.258,0.483,0.506,0.302,-24.1,-23.3,20.8
2020,NOG,Ener,0.980,0.934,0.069,0.059,-60.2,51.6,67.1
2020,NPO,Indu,0.910,0.579,0.029,0.449,-10.6,31.6,43.7
2020,NVT,Indu,0.086,0.059,0.445,0.976,7.0,-9.9,28.5
2020,NWPX,Indu,0.794,0.892,0.781,0.020,34.7,6.1,34.0
2020,NX,Basi,0.325,0.020,0.254,0.178,-2.1,48.0,46.7
2020,OIS,Ener,0.518,0.847,0.109,0.232,-36.6,-38.4,18.1
2020,OLN,Basi,0.614,0.498,0.107,0.739,-34.0,50.1,43.2
2020,OMAB,Indu,0.900,0.464,0.876,0.837,46.9,-26.9,22.3
2020,OR,Basi,0.978,0.995,0.002,0.537,1.1,4.6,27.5
2020,OSW,Cons,0.203,0.086,0.353,0.349,13.8,-9.6,28.9
2020,OVV,Ener,0.927,0.917,0.064,0.954,-55.3,40.0,41.1
2020,OXM,Cons,0.435,0.027,0.316,0.241,-48.5,99.9,76.9
2020,P,Indu,0.389,0.340,0.485,0.916,-26.5,69.8,61.2
2020,PAGP,Ener,0.673,0.625,0.334,0.815,-27.2,-43.7,17.9
2020,PATK,Cons,0.020,0.700,0.376,0.358,39.7,25.8,37.3
2020,PDS,Ener,0.574,0.633,0.156,0.081,-41.6,-11.4,26.4
2020,PENN,Cons,0.082,0.780,0.488,0.931,35.5,212.5,92.1
2020,PKE,Indu,0.637,0.837,0.782,0.034,-18.2,-16.8,24.0
2020,POWL,Indu,0.460,0.540,0.600,0.132,43.4,-28.2,21.1
2020,PR,Ener,0.938,0.978,0.603,0.312,-79.0,40.1,43.9
2020,PRIM,Indu,0.293,0.724,0.192,0.388,-9.1,50.6,52.6
2020,PVH,Cons,0.161,0.196,0.310,0.714,-70.6,200.2,127.0
2020,RBA,Indu,0.722,0.851,0.459,0.969,7.9,41.9,54.5
2020,RBC,Indu,0.041,0.066,0.593,0.671,3.3,48.5,43.4
2020,REAL,Cons,0.319,0.589,0.878,0.466,-48.2,88.5,65.9
2020,RES,Ener,0.702,0.758,0.044,0.373,-54.2,-21.0,25.7
2020,RGR,Indu,0.542,0.450,0.199,0.340,-12.8,33.3,39.2
2020,RIG,Ener,0.354,0.407,0.202,0.764,-49.5,-20.9,23.0
2020,ROAD,Indu,0.378,0.445,0.494,0.296,37.4,94.1,59.4
2020,RRC,Ener,0.880,0.826,0.063,0.237,-75.0,274.6,135.7
2020,RRX,Indu,0.078,0.423,0.182,0.844,1.4,64.4,55.7
2020,RUSHA,Cons,0.084,0.446,0.152,0.414,15.6,42.4,42.4
2020,RVLV,Cons,0.407,0.310,0.452,0.491,-43.2,92.1,63.4
2020,SAH,Cons,0.001,0.117,0.377,0.456,81.6,52.4,44.8
2020,SBLK,Indu,0.915,0.871,0.737,0.301,7.1,67.1,49.1
2020,SHAK,Cons,0.224,0.084,0.559,0.738,40.8,70.4,54.0
2020,SHOO,Cons,0.168,0.057,0.381,0.749,-3.6,16.1,42.5
2020,SID,Basi,0.661,0.410,0.272,0.606,-55.3,369.6,154.9
2020,SIG,Cons,0.703,0.090,0.383,0.176,-65.8,523.4,251.8
2020,SKY,Cons,0.469,0.546,0.275,0.654,114.8,-7.1,27.5
2020,SM,Ener,0.995,0.694,0.193,0.160,-52.9,200.4,88.3
2020,SMP,Cons,0.137,0.211,0.324,0.433,8.1,-18.9,21.5
2020,SSD,Basi,0.410,0.161,0.534,0.900,37.1,19.9,39.4
2020,SSRM,Basi,0.846,0.789,0.942,0.707,32.2,-12.3,26.3
2020,STNG,Indu,0.947,0.438,0.867,0.478,20.3,-32.0,19.7
2020,STRL,Indu,0.123,0.612,0.753,0.065,-8.5,75.5,58.1
2020,SUN,Ener,0.188,0.886,0.343,0.736,1.4,4.9,30.8
2020,SWBI,Indu,0.455,0.418,0.372,0.112,-8.2,103.4,64.2
2020,SXC,Basi,0.283,0.082,0.409,0.129,-44.6,-1.3,31.6
2020,SXI,Indu,0.388,0.356,0.363,0.344,-5.8,13.8,36.3
2020,TEN,Ener,0.129,0.861,0.209,0.245,-19.4,-21.9,32.9
2020,TEX,Indu,0.132,0.614,0.084,0.618,-25.3,46.0,43.3
2020,TFII,Indu,0.612,0.331,0.643,0.792,6.7,116.8,65.0
2020,THO,Cons,0.472,0.753,0.864,0.794,-17.0,153.7,90.0
2020,THRM,Cons,0.212,0.264,0.250,0.553,17.2,44.6,35.5
2020,TKR,Indu,0.136,0.323,0.360,0.960,35.6,40.9,42.4
2020,TNET,Indu,0.246,0.009,0.492,0.890,2.6,66.1,50.6
2020,TRIP,Cons,0.021,0.124,0.276,0.950,-49.6,25.0,37.3
2020,TRMD,Ener,0.815,0.320,0.945,0.165,18.5,17.0,44.3
2020,TRN,Indu,0.381,0.518,0.624,0.758,-15.1,45.9,38.3
2020,TROX,Basi,0.788,0.863,0.887,0.387,-37.0,150.1,89.6
2020,TTEK,Indu,0.156,0.217,0.512,0.999,77.7,49.3,48.5
2020,TX,Basi,0.798,0.704,0.174,0.929,-34.7,53.9,41.9
2020,UFPI,Basi,0.215,0.379,0.309,0.826,53.3,20.5,31.7
2020,ULH,Indu,0.125,0.376,0.263,0.134,-24.7,24.4,36.7
2020,URBN,Cons,0.372,0.187,0.370,0.697,-23.8,47.6,52.1
2020,USAC,Ener,0.537,0.958,0.637,0.535,1.7,-4.8,28.8
2020,USLM,Basi,0.993,0.345,0.590,0.155,32.5,35.8,41.7
2020,VAC,Cons,0.530,0.858,0.566,0.939,-1.2,71.2,55.9
2020,VET,Ener,0.873,0.893,0.833,0.437,-69.7,-4.3,31.2
2020,VIST,Ener,0.935,0.746,0.093,0.189,-34.2,-57.8,14.0
2020,VMI,Indu,0.222,0.116,0.305,0.853,10.7,47.1,43.2
2020,VNOM,Ener,0.669,0.894,0.932,0.500,-30.2,-25.6,22.3
2020,VVX,Indu,0.017,0.246,0.467,0.212,92.7,2.3,36.1
2020,WCC,Indu,0.008,0.133,0.350,0.683,-3.4,76.4,58.7
2020,WFG,Basi,0.933,0.808,0.816,0.813,-21.9,51.0,40.1
2020,WFRD,Ener,0.350,0.421,0.032,0.144,-70.4,55.2,76.9
2020,WGO,Cons,0.207,0.583,0.818,0.365,0.6,164.3,112.4
2020,WHD,Ener,0.421,0.802,0.612,0.623,-28.3,19.7,39.1
2020,WING,Cons,0.456,0.314,0.809,0.803,49.7,68.1,49.4
2020,WLDN,Indu,0.627,0.855,0.841,0.046,-18.9,56.9,50.1
2020,WLFC,Indu,0.724,0.860,0.105,0.214,-17.4,2.5,39.1
2020,WMS,Indu,0.692,0.339,0.706,0.835,85.1,84.4,54.3
2020,WNC,Indu,0.127,0.573,0.249,0.236,-17.2,30.0,37.1
2020,WOR,Indu,0.375,0.511,0.172,0.324,-30.5,151.0,99.2
2020,WSC,Indu,0.234,0.902,0.519,0.605,59.3,61.2,53.6
2020,WTI,Ener,0.983,0.601,0.489,0.032,-52.0,33.1,41.9
2020,WWW,Cons,0.317,0.131,0.278,0.700,-19.6,28.8,43.2
2020,XPO,Indu,0.152,0.365,0.230,0.855,58.2,29.2,39.3
2020,XPRO,Ener,0.322,0.385,0.147,0.993,-45.6,-2.5,32.4
2020,YETI,Cons,0.567,0.384,0.630,0.805,56.1,128.1,67.7
2020,YPF,Ener,0.662,0.852,0.994,0.651,-59.0,-20.3,29.0
2020,ZWS,Indu,0.183,0.190,0.491,0.628,26.6,27.7,43.7
2022,AAON,Indu,0.493,0.189,0.367,0.815,-23.6,39.1,-26.2
2022,ABG,Cons,0.155,0.527,0.444,0.890,21.5,32.0,-24.2
2022,ACEL,Cons,0.004,0.896,0.948,0.432,11.1,-30.8,-9.7
2022,ACVA,Cons,0.819,0.423,0.390,0.548,-64.4,-5.4,-20.0
2022,AG,Basi,0.759,0.646,0.833,0.856,-21.8,-49.2,-6.4
2022,AGI,Basi,0.683,0.472,0.287,0.775,-5.4,38.5,-16.7
2022,AGX,Indu,0.579,0.692,0.217,0.195,-26.6,-2.1,-9.5
2022,ALNT,Indu,0.066,0.077,0.243,0.126,-26.2,21.1,-14.1
2022,ALSN,Cons,0.302,0.556,0.642,0.924,-3.0,12.7,-18.1
2022,AM,Ener,0.077,0.075,0.718,0.981,9.3,8.9,-17.5
2022,AMRC,Indu,0.117,0.243,0.579,0.845,6.0,-21.8,-14.7
2022,APG,Indu,0.279,0.215,0.481,0.966,8.8,13.9,-18.4
2022,ARCB,Indu,0.165,0.429,0.665,0.714,97.4,-3.7,-16.6
2022,ARCO,Cons,0.527,0.760,0.565,0.519,42.5,7.4,-15.5
2022,ARIS,Basi,0.466,0.350,0.048,0.104,-30.0,-34.5,-12.6
2022,ARLP,Ener,0.852,0.563,0.597,0.545,142.0,53.6,-34.6
2022,AROC,Ener,0.271,0.111,0.554,0.436,-19.8,15.8,-14.2
2022,ARRY,Ener,0.677,0.964,0.207,0.518,-69.8,63.0,-29.4
2022,ATI,Indu,0.455,0.425,0.415,0.761,20.7,66.9,-37.5
2022,ATRO,Indu,0.460,0.324,0.132,0.040,-10.9,7.0,-20.6
2022,AVAV,Indu,0.729,0.307,0.165,0.568,-31.4,22.3,-17.4
2022,AVNT,Basi,0.208,0.680,0.434,0.974,19.6,-24.1,-13.0
2022,AZZ,Indu,0.393,0.294,0.324,0.453,7.4,-21.2,-32.7
2022,BBSI,Indu,0.607,0.125,0.299,0.084,-17.9,56.9,-28.7
2022,BCC,Basi,0.446,0.532,0.516,0.829,57.1,-8.6,-11.2
2022,BCPC,Basi,0.056,0.019,0.516,0.960,20.5,-3.7,-14.5
2022,BE,Indu,0.680,0.684,0.513,0.749,-62.6,54.2,-27.4
2022,BJRI,Cons,0.339,0.797,0.617,0.262,-38.3,3.5,-12.2
2022,BLBD,Cons,0.256,0.380,0.155,0.077,-24.2,-15.5,-15.5
2022,BOOT,Cons,0.554,0.683,0.803,0.774,58.7,-22.7,-14.1
2022,BROS,Cons,0.624,0.272,0.652,0.663,29.6,-21.4,-12.7
2022,BSM,Ener,0.881,0.878,0.960,0.734,19.8,33.4,-16.4
2022,BTU,Ener,0.866,0.636,0.890,0.614,303.8,76.3,-31.2
2022,BVN,Basi,0.967,0.825,0.116,0.716,-13.3,-23.8,-13.4
2022,BWMX,Cons,0.240,0.963,0.151,0.278,-49.3,-57.6,-9.3
2022,BXC,Indu,0.325,0.525,0.404,0.299,99.8,8.2,-13.3
2022,BZH,Cons,0.224,0.146,0.296,0.155,-0.4,-8.8,-12.2
2022,CAKE,Cons,0.350,0.830,0.580,0.636,-13.6,-2.7,-20.5
2022,CAPL,Ener,0.327,0.769,0.859,0.259,14.3,7.0,-20.2
2022,CARG,Cons,0.897,0.806,0.923,0.883,-7.1,-47.1,-8.4
2022,CBRL,Cons,0.478,0.657,0.505,0.804,-13.1,-18.4,-12.3
2022,CBT,Basi,0.507,0.613,0.594,0.808,19.1,33.2,-25.7
2022,CCS,Cons,0.448,0.269,0.576,0.691,36.9,-8.7,-22.9
2022,CDE,Basi,0.742,0.271,0.238,0.464,-40.3,-41.0,-12.4
2022,CHRD,Ener,0.825,0.882,0.909,0.736,109.5,4.0,-12.5
2022,CMC,Basi,0.149,0.446,0.691,0.942,65.4,41.3,-58.5
2022,CMCO,Indu,0.105,0.568,0.547,0.426,3.6,-16.1,-13.2
2022,CMP,Basi,0.521,0.341,0.101,0.599,-15.7,-19.9,-14.7
2022,CMRE,Indu,0.654,0.776,0.973,0.473,79.4,-31.0,-5.6
2022,CNX,Ener,0.974,0.923,0.985,0.823,15.8,7.7,-20.0
2022,CODI,Indu,0.306,0.384,0.183,0.517,2.2,-8.7,-14.6
2022,CPAC,Basi,0.254,0.935,0.360,0.155,-26.0,-17.8,-11.6
2022,CRAI,Indu,0.144,0.072,0.225,0.207,36.7,43.5,-25.2
2022,CRC,Ener,0.857,0.812,0.879,0.810,45.1,3.8,-15.3
2022,CRGY,Ener,0.998,0.942,0.955,0.563,0.8,-28.8,-7.4
2022,CRI,Cons,0.583,0.411,0.358,0.913,16.1,-23.9,-12.6
2022,CRK,Ener,0.986,0.867,0.960,0.621,29.7,68.6,-28.6
2022,CSW,Indu,0.457,0.527,0.715,0.557,-5.0,21.0,-21.2
2022,CVCO,Cons,0.313,0.359,0.727,0.730,52.7,-0.7,-17.4
2022,CYD,Indu,0.223,0.624,0.593,0.112,-23.5,-24.8,-11.8
2022,CYRX,Indu,0.677,0.260,0.182,0.530,-46.5,-41.1,-9.3
2022,DAC,Indu,0.635,0.537,0.921,0.612,147.0,-38.8,-10.2
2022,DCH,Cons,0.269,0.826,0.114,0.336,-19.2,26.7,-18.3
2022,DCO,Indu,0.018,0.162,0.266,0.171,-15.3,22.3,-8.0
2022,DDS,Cons,0.814,0.707,0.663,0.958,188.1,74.6,-21.4
2022,DFH,Cons,0.088,0.447,0.850,0.641,-12.3,-44.7,-9.3
2022,DINO,Ener,0.693,0.852,0.846,0.998,-20.7,74.9,-19.2
2022,DKL,Ener,0.702,0.422,0.721,0.572,0.3,13.6,-13.7
2022,DMLP,Ener,0.915,0.951,0.983,0.276,51.0,33.0,-20.9
2022,DNUT,Cons,0.952,0.736,0.331,0.721,-29.1,-17.8,-8.4
2022,DQ,Ener,0.961,0.819,0.901,0.871,-45.5,-6.2,-16.9
2022,DXPE,Indu,0.059,0.443,0.454,0.151,-11.5,-7.7,-14.4
2022,DY,Indu,0.332,0.030,0.183,0.757,4.0,-7.1,-17.0
2022,EBF,Indu,0.096,0.258,0.375,0.084,-12.6,12.5,-4.6
2022,ECO,Indu,0.938,0.752,0.068,0.047,36.9,66.0,12.4
2022,EFXT,Ener,0.435,0.435,0.439,0.138,-12.1,11.1,-13.6
2022,EGO,Basi,0.891,0.775,0.029,0.604,-7.2,-21.5,-12.3
2022,EMBJ,Indu,0.725,0.777,0.741,0.712,24.2,4.3,-15.1
2022,ENR,Indu,0.167,0.049,0.274,0.696,-28.3,6.6,-17.1
2022,ENS,Indu,0.126,0.119,0.332,0.816,-20.6,16.6,-21.4
2022,EPAC,Indu,0.335,0.517,0.334,0.441,-10.4,29.7,-19.4
2022,ERO,Basi,0.743,0.606,0.867,0.480,-21.5,17.2,-9.1
2022,EXK,Basi,0.692,0.792,0.111,0.340,-5.5,-45.9,-7.5
2022,FA,Indu,0.876,0.714,0.776,0.771,-4.1,-28.5,-14.1
2022,FIGS,Cons,0.278,0.862,0.717,0.760,-53.2,-35.8,-6.4
2022,FIX,Indu,0.102,0.197,0.448,0.796,34.8,46.5,-17.6
2022,FLNG,Ener,0.835,0.767,0.924,0.415,138.0,47.3,-24.9
2022,FRO,Indu,0.980,0.804,0.484,0.535,11.5,125.4,-39.5
2022,FSM,Basi,0.854,0.880,0.888,0.416,-39.3,-15.4,-15.5
2022,FSS,Indu,0.119,0.176,0.270,0.634,-8.0,56.8,-25.6
2022,FTAI,Indu,0.861,0.765,0.898,0.645,-3.5,11.4,-17.5
2022,FUL,Basi,0.111,0.183,0.406,0.925,49.4,-3.8,-29.0
2022,FWRD,Indu,0.358,0.418,0.604,0.786,29.0,4.5,-19.2
2022,GBX,Indu,0.494,0.518,0.551,0.506,22.6,-21.9,-35.3
2022,GEO,Indu,0.287,0.002,0.252,0.277,-24.1,83.0,-24.6
2022,GIII,Cons,0.518,0.671,0.659,0.504,-7.3,-48.5,-7.8
2022,GLNG,Ener,0.665,0.245,0.597,0.551,37.6,39.8,-22.1
2022,GNK,Indu,0.937,0.696,0.929,0.279,83.9,-3.3,-15.3
2022,GOLF,Cons,0.222,0.667,0.140,0.827,-0.4,10.9,-18.1
2022,GOOS,Cons,0.934,0.816,0.708,0.799,-33.0,-14.2,-16.4
2022,GPRE,Basi,0.243,0.778,0.763,0.522,33.0,13.3,-13.6
2022,GPRK,Ener,0.872,0.919,0.911,0.330,-14.3,-12.6,-11.4
2022,GRBK,Cons,0.161,0.430,0.854,0.412,15.3,29.3,-22.0
2022,GRC,Indu,0.036,0.191,0.391,0.342,12.7,-17.4,-12.3
2022,GSL,Indu,0.823,0.579,0.938,0.364,102.7,-29.5,-12.9
2022,GSM,Basi,0.783,0.723,0.827,0.475,86.4,-41.4,-10.6
2022,GT,Cons,0.314,0.642,0.615,0.961,16.9,-27.0,-8.8
2022,HCC,Ener,0.926,0.728,0.925,0.532,22.2,25.8,-12.9
2022,HEPS,Cons,0.544,0.495,0.032,0.217,-84.7,-60.5,-6.3
2022,HESM,Ener,0.017,0.449,0.807,0.346,35.8,9.9,-21.4
2022,HL,Basi,0.750,0.436,0.249,0.787,-2.5,2.4,-10.5
2022,HLIO,Indu,0.233,0.669,0.704,0.726,16.1,-15.8,-15.9
2022,HNI,Cons,0.253,0.240,0.253,0.554,8.0,-22.7,-13.8
2022,HTLD,Indu,0.140,0.140,0.272,0.430,-18.1,12.0,-18.0
2022,HUBG,Indu,0.247,0.264,0.589,0.731,33.4,16.7,-22.6
2022,HURN,Indu,0.132,0.296,0.521,0.363,-20.5,51.2,-24.0
2022,HWKN,Basi,0.206,0.193,0.566,0.272,44.4,5.2,-26.4
2022,ICFI,Indu,0.362,0.080,0.137,0.544,4.3,14.9,-18.2
2022,IESC,Indu,0.150,0.323,0.699,0.341,-7.8,-9.9,-16.4
2022,IIIN,Indu,0.584,0.259,0.744,0.270,45.6,-21.4,-23.7
2022,IOSP,Basi,0.300,0.558,0.592,0.695,-3.6,22.8,-22.4
2022,JBI,Basi,0.210,0.295,0.773,0.367,-13.4,7.1,-10.5
2022,JBTM,Indu,0.084,0.243,0.343,0.885,-11.2,-8.9,-13.5
2022,KAI,Indu,0.040,0.347,0.611,0.713,43.0,-3.7,-15.5
2022,KBH,Cons,0.195,0.544,0.668,0.889,24.1,-17.8,-34.5
2022,KEX,Indu,0.259,0.379,0.427,0.895,22.3,1.4,-17.8
2022,KFRC,Indu,0.034,0.036,0.381,0.497,44.4,-14.3,-13.7
2022,KOS,Ener,0.913,0.931,0.954,0.670,72.3,55.6,-29.3
2022,KRNT,Indu,0.686,0.817,0.366,0.969,-2.6,-72.1,-4.5
2022,KRO,Basi,0.272,0.236,0.474,0.541,-7.7,-24.6,-9.8
2022,KRP,Ener,0.972,0.843,0.946,0.360,52.9,-7.8,-14.5
2022,KRT,Cons,0.318,0.115,0.555,0.004,-13.6,-9.5,-16.0
2022,KTOS,Indu,0.178,0.117,0.222,0.624,-42.8,-30.2,-10.4
2022,KWR,Basi,0.330,0.476,0.387,0.854,-34.6,0.6,-15.8
2022,LCII,Cons,0.147,0.601,0.734,0.821,-17.6,-7.0,-16.5
2022,LEU,Ener,0.882,0.891,0.356,0.219,79.3,-10.8,-8.9
2022,LGIH,Cons,0.133,0.502,0.223,0.820,11.9,-11.8,-16.1
2022,LNN,Indu,0.572,0.315,0.721,0.514,0.0,12.8,-50.2
2022,LPG,Ener,0.878,0.854,0.258,0.107,-7.3,62.8,-32.6
2022,LQDT,Cons,0.468,0.364,0.429,0.170,-11.5,-9.3,-15.9
2022,LTH,Cons,0.553,0.791,0.051,0.697,-28.3,46.9,-17.3
2022,LZB,Cons,0.298,0.608,0.453,0.527,-8.8,-20.9,-14.5
2022,MATV,Basi,0.487,0.355,0.603,0.316,-34.7,-10.5,-10.8
2022,MATX,Indu,0.815,0.577,0.900,0.865,18.9,-19.8,-11.8
2022,MCFT,Cons,0.484,0.898,0.655,0.113,-8.1,18.5,-16.7
2022,MCRI,Cons,0.426,0.801,0.892,0.478,14.0,9.5,-22.4
2022,MEOH,Basi,0.925,0.757,0.782,0.838,28.5,7.4,-11.3
2022,MGRC,Indu,0.179,0.109,0.602,0.552,-9.0,48.1,-17.8
2022,MGY,Ener,0.872,0.949,0.959,0.872,97.3,13.7,-19.2
2022,MHO,Cons,0.172,0.173,0.464,0.521,5.2,13.2,-28.4
2022,MLCO,Cons,0.520,0.968,0.061,0.945,-55.7,37.7,-22.5
2022,MLI,Indu,0.399,0.641,0.711,0.810,54.1,26.5,-25.8
2022,MLKN,Cons,0.288,0.520,0.736,0.780,-3.4,-53.7,-21.8
2022,MLR,Cons,0.261,0.431,0.300,0.022,-28.6,-10.0,-11.7
2022,MMYT,Cons,0.771,0.977,0.860,0.743,-19.4,17.6,-22.2
2022,MNSO,Cons,0.309,0.687,0.512,0.795,-63.4,70.5,-28.0
2022,MOD,Indu,0.157,0.393,0.349,0.097,-32.6,158.6,-64.8
2022,MOV,Cons,0.532,0.779,0.519,0.314,47.6,-12.3,-15.3
2022,MRCY,Indu,0.270,0.058,0.202,0.809,-24.9,-13.1,-22.5
2022,MTH,Cons,0.480,0.059,0.438,0.887,7.7,7.2,-18.2
2022,MTRN,Basi,0.128,0.342,0.369,0.578,34.0,-0.8,-11.7
2022,MTUS,Basi,0.557,0.462,0.219,0.390,81.2,-20.3,-3.1
2022,MTX,Basi,0.082,0.292,0.379,0.694,5.8,1.9,-17.8
2022,MUR,Ener,0.975,0.889,0.894,0.992,141.9,37.1,-25.4
2022,MWA,Indu,0.203,0.221,0.416,0.617,2.8,3.3,-18.1
2022,MYE,Cons,0.506,0.506,0.654,0.199,-14.2,49.5,-19.2
2022,MYRG,Indu,0.013,0.085,0.261,0.499,38.1,13.1,-13.6
2022,NBR,Ener,0.104,0.468,0.631,0.324,28.2,50.9,-27.6
2022,NMM,Indu,0.711,0.992,0.998,0.289,31.3,-7.7,-13.6
2022,NOG,Ener,0.978,0.996,0.991,0.591,64.8,31.4,-20.7
2022,NPK,Indu,0.542,0.181,0.161,0.153,-26.6,-5.7,-6.6
2022,NPO,Indu,0.354,0.337,0.199,0.692,38.2,6.8,-13.1
2022,NRP,Ener,0.632,0.803,0.977,0.102,102.9,45.6,-18.5
2022,NVGS,Indu,0.456,0.222,0.367,0.323,21.1,3.1,-8.7
2022,NX,Basi,0.225,0.353,0.373,0.264,-5.8,8.4,-16.2
2022,OII,Ener,0.424,0.239,0.226,0.501,35.5,25.3,-19.7
2022,OMAB,Indu,0.893,0.986,0.882,0.772,24.6,28.2,-12.0
2022,OR,Basi,0.818,0.659,0.022,0.631,8.9,2.5,-16.1
2022,OXM,Cons,0.491,0.716,0.625,0.474,0.0,42.1,-21.2
2022,PAGP,Ener,0.471,0.929,0.910,0.722,32.2,6.8,-19.6
2022,PATK,Cons,0.046,0.730,0.695,0.377,-13.1,6.6,-18.9
2022,POWL,Indu,0.336,0.284,0.144,0.021,-1.8,31.8,-31.3
2022,PR,Ener,0.966,0.907,0.950,0.718,103.6,18.3,-14.2
2022,PRIM,Indu,0.328,0.079,0.190,0.485,-21.3,-0.6,-18.7
2022,PRM,Basi,0.854,0.665,0.001,0.592,0.9,-30.0,-16.4
2022,RDW,Indu,0.486,0.982,0.278,0.036,-21.1,-68.8,-5.6
2022,REAL,Cons,0.357,0.622,0.541,0.210,-75.1,-81.2,-2.3
2022,RERE,Cons,0.049,0.635,0.635,0.306,-79.4,-18.4,-12.1
2022,RES,Ener,0.645,0.886,0.830,0.457,38.1,37.9,-26.9
2022,RGR,Indu,0.500,0.412,0.425,0.403,-4.9,-13.8,-10.4
2022,RIG,Ener,0.388,0.244,0.089,0.660,-5.7,111.1,-25.9
2022,ROAD,Indu,0.397,0.314,0.662,0.469,-9.2,4.7,-18.4
2022,RSI,Cons,0.603,0.950,0.185,0.186,-38.6,-58.8,-7.5
2022,RUSHA,Cons,0.204,0.366,0.254,0.615,22.0,10.8,-17.8
2022,RVLV,Cons,0.368,0.573,0.819,0.878,36.7,-49.2,-6.1
2022,SAH,Cons,0.041,0.428,0.337,0.673,29.8,14.5,-18.4
2022,SB,Indu,0.929,0.611,0.922,0.160,50.0,-29.7,-7.0
2022,SBLK,Indu,0.973,0.838,0.965,0.756,89.7,-16.3,-12.7
2022,SD,Ener,0.934,0.869,0.933,0.154,187.1,-10.9,-11.3
2022,SEI,Ener,0.881,0.890,0.812,0.071,-18.3,-28.1,14.9
2022,SHAK,Cons,0.405,0.681,0.422,0.781,-36.8,-21.9,-9.2
2022,SHOO,Cons,0.239,0.895,0.796,0.849,12.2,-20.8,-12.5
2022,SKY,Cons,0.459,0.642,0.707,0.896,92.4,-8.1,-18.7
2022,SM,Ener,0.902,0.972,0.981,0.936,147.4,-15.1,-13.4
2022,SMP,Cons,0.314,0.288,0.332,0.372,12.9,-13.7,-12.9
2022,SSD,Basi,0.312,0.172,0.739,0.978,5.7,1.6,-16.2
2022,SSRM,Basi,0.553,0.773,0.552,0.953,30.2,-30.7,-8.3
2022,STRL,Indu,0.057,0.311,0.363,0.313,27.4,28.8,-24.3
2022,SUN,Ener,0.417,0.833,0.862,0.858,33.2,11.2,-17.9
2022,SWBI,Indu,0.496,0.720,0.126,0.294,13.3,-40.9,-8.8
2022,SWIM,Indu,0.679,0.901,0.307,0.567,-41.7,-79.1,-2.2
2022,SXC,Basi,0.152,0.306,0.417,0.173,23.8,30.5,-28.0
2022,SXI,Indu,0.171,0.413,0.480,0.409,12.1,22.6,-21.4
2022,TEX,Indu,0.296,0.578,0.507,0.802,13.9,17.3,-20.8
2022,TFPM,Basi,0.959,0.768,0.637,0.606,41.2,8.6,-13.3
2022,TGLS,Basi,0.347,0.480,0.673,0.374,185.5,65.4,-29.0
2022,TH,Indu,0.792,0.729,0.783,0.092,120.9,224.3,-42.8
2022,THO,Cons,0.226,0.655,0.660,0.994,-34.1,6.1,-12.4
2022,THRM,Cons,0.509,0.656,0.139,0.792,18.3,-22.6,-13.5
2022,TPC,Indu,0.038,0.339,0.086,0.184,-38.5,-34.2,-9.6
2022,TRIP,Cons,0.427,0.994,0.856,0.916,-24.0,-16.5,-14.2
2022,TRMD,Ener,0.794,0.698,0.808,0.208,2.5,288.6,-62.8
2022,TRN,Indu,0.636,0.455,0.457,0.774,-3.9,-3.8,-14.1
2022,TROX,Basi,0.301,0.606,0.445,0.876,23.1,-30.1,-11.2
2022,TTI,Ener,0.561,0.621,0.658,0.063,22.6,20.9,-22.8
2022,UFPI,Basi,0.128,0.627,0.678,0.996,31.0,9.3,-19.9
2022,ULH,Indu,0.297,0.488,0.428,0.081,-26.9,154.0,-45.1
2022,URBN,Cons,0.508,0.535,0.430,0.747,-19.8,-0.8,-16.1
2022,USAC,Ener,0.129,0.035,0.403,0.529,10.0,27.1,-21.6
2022,USLM,Basi,0.409,0.153,0.514,0.235,4.5,19.5,-19.7
2022,VET,Ener,0.899,0.691,0.928,0.862,209.2,-37.5,-6.0
2022,VIST,Ener,0.946,0.959,0.962,0.209,156.1,148.4,-37.0
2022,VMI,Indu,0.115,0.155,0.424,0.984,-0.4,42.4,-30.0
2022,VNOM,Ener,0.949,0.946,0.966,0.626,56.0,16.4,-14.3
2022,VSEC,Indu,0.137,0.376,0.618,0.196,25.0,16.9,-15.2
2022,VVX,Indu,0.069,0.252,0.361,0.114,-25.3,15.5,-13.4
2022,WFRD,Ener,0.601,0.417,0.325,0.712,218.2,60.3,-27.7
2022,WGO,Cons,0.485,0.686,0.653,0.577,-22.9,5.8,-14.2
2022,WHD,Ener,0.518,0.864,0.884,0.894,49.4,-4.7,-17.1
2022,WING,Cons,0.173,0.137,0.515,0.987,12.9,2.2,-21.6
2022,WLDN,Indu,0.473,0.207,0.146,0.058,-29.7,-45.5,-6.1
2022,WLFC,Indu,0.530,0.360,0.465,0.199,-10.8,78.4,-12.2
2022,WNC,Indu,0.116,0.575,0.292,0.286,2.3,55.1,-34.8
2022,WOR,Indu,0.481,0.699,0.817,0.597,-2.4,-12.3,-13.2
2022,WRBY,Cons,0.151,0.304,0.090,0.805,-49.2,-52.8,-8.1
2022,WTI,Ener,0.940,0.870,0.982,0.298,72.8,1.5,-7.9
2022,WWW,Cons,0.087,0.615,0.400,0.616,-28.9,-38.1,-7.5
2022,XPEL,Cons,0.146,0.515,0.692,0.615,14.3,6.4,-19.1
2022,XPO,Indu,0.033,0.447,0.076,0.949,-9.8,15.4,-18.3
2022,ZWS,Indu,0.482,0.516,0.050,0.917,47.1,-30.2,-14.2
