yr,ticker,fecha,ret,ps
2007,AAON,2007-03-14,-9.54,1.0200
2007,AGX,2007-04-26,114.06,1.0100
2007,ALNT,2007-03-20,-26.59,0.7800
2007,ARCB,2007-01-24,-28.61,0.5100
2007,ATI,2007-01-24,-32.88,2.0800
2007,ATRO,2007-03-16,25.35,0.6200
2007,AXON,2007-02-21,38.88,7.8200
2007,AZZ,2007-01-05,27.61,1.3200
2007,BBSI,2007-02-08,-25.97,1.0200
2007,CAR,2007-02-20,-57.45,0.2400
2007,CECO,2007-03-22,-57.78,3.2300
2007,CLH,2007-03-14,31.23,0.6800
2007,CMCO,2007-01-23,-0.20,0.8300
2007,CODI,2007-03-12,-31.23,0.4400
2007,CPA,2007-03-07,-22.04,2.6400
2007,CRAI,2007-01-11,-45.13,1.9000
2007,CW,2007-02-08,2.91,1.3700
2007,DAC,2007-03-07,0.37,5.3400
2007,DXPE,2007-03-15,11.42,0.6000
2007,DY,2007-02-27,-34.81,0.8400
2007,ENS,2007-02-07,56.12,0.5400
2007,EPAC,2007-03-22,13.66,1.2500
2007,ESLT,2007-03-14,72.80,0.9100
2007,FCN,2007-02-15,68.77,1.8900
2007,FIX,2007-02-28,-18.07,0.5200
2007,FRO,2007-02-26,36.06,1.6200
2007,FSS,2007-02-22,-25.60,0.6600
2007,FWRD,2007-02-12,-3.95,2.6700
2007,GBX,2007-01-09,-35.40,0.4400
2007,GEO,2007-02-27,9.04,1.0900
2007,GRC,2007-02-15,-4.61,1.7700
2007,HEI,2007-02-28,24.77,2.3600
2007,HLIO,2007-03-06,58.82,1.8400
2007,HTLD,2007-01-25,-8.82,2.7800
2007,HUBG,2007-02-12,-8.12,0.7400
2007,HURN,2007-02-22,-9.28,3.1400
2007,KAI,2007-02-14,10.35,1.0800
2007,KFY,2007-03-08,-28.65,1.6600
2007,LNN,2007-01-08,131.74,1.5300
2007,MRCY,2007-01-25,0.46,1.2900
2007,MTZ,2007-03-08,-28.11,0.7700
2007,PKE,2007-05-01,3.16,2.2600
2007,RGR,2007-03-05,-9.64,1.5400
2007,STN,2007-02-22,38.96,1.5300
2007,TREX,2007-03-26,-67.53,1.0100
2007,TTEK,2007-01-31,5.00,0.7300
2007,WCC,2007-02-01,-34.93,0.6300
2007,WLFC,2007-04-02,20.40,3.1500
2007,WOR,2007-03-29,-17.77,0.3600
2007,WSO,2007-02-13,-31.45,0.8100
2008,AAON,2008-03-12,3.61,0.8100
2008,AGX,2008-04-24,13.06,0.7400
2008,ALGT,2008-01-29,59.42,1.3700
2008,ALNT,2008-03-14,-68.22,0.5900
2008,ARCB,2008-01-25,-13.15,0.3700
2008,ATI,2008-01-23,-66.41,1.2400
2008,ATRO,2008-02-14,-59.55,0.5600
2008,AVAV,2008-03-03,44.65,2.2500
2008,AXON,2008-02-14,-60.79,7.7300
2008,AZZ,2008-01-04,-14.87,1.2300
2008,BBSI,2008-02-08,-40.81,0.6600
2008,CAR,2008-02-13,-95.71,0.2100
2008,CECO,2008-03-10,68.22,0.8400
2008,CLH,2008-02-27,-16.39,0.7800
2008,CMCO,2008-01-24,-47.78,0.7900
2008,CODI,2008-03-12,-29.87,0.4200
2008,CPA,2008-02-21,-25.97,1.6900
2008,CRAI,2008-01-10,-49.19,1.4000
2008,CW,2008-02-11,-28.05,1.1500
2008,CYD,2008-07-17,-21.47,0.2500
2008,DAC,2008-03-10,-81.48,4.9600
2008,DXPE,2008-03-05,-49.52,0.5200
2008,DY,2008-02-26,-67.72,0.4800
2008,EBF,2008-06-23,-47.14,0.7200
2008,ENS,2008-02-06,-62.63,0.6700
2008,EPAC,2008-03-19,-73.10,1.2100
2008,ESLT,2008-03-11,-25.30,1.2300
2008,FCN,2008-02-28,-25.82,2.5700
2008,FIX,2008-02-27,-23.50,0.4000
2008,FRO,2008-02-14,-55.44,2.1300
2008,FSS,2008-02-27,-44.88,0.4700
2008,FWRD,2008-02-11,-26.95,2.2100
2008,GBX,2008-01-08,-62.64,0.2300
2008,GEO,2008-02-13,-45.87,1.2900
2008,GRC,2008-02-15,-14.46,1.5000
2008,HEI,2008-02-28,-27.55,2.3600
2008,HLIO,2008-03-04,-50.86,2.5100
2008,HTLD,2008-01-24,-8.25,2.4000
2008,HUBG,2008-02-06,-26.59,0.6300
2008,HURN,2008-02-20,-26.93,1.7400
2008,ICFI,2008-03-11,-6.95,0.4800
2008,KAI,2008-02-13,-73.27,1.1200
2008,KFY,2008-03-06,-51.05,0.8900
2008,LNN,2008-03-19,-70.61,3.1400
2008,MRCY,2008-01-23,-57.87,1.2900
2008,MTZ,2008-02-27,21.05,0.5200
2008,PKE,2008-05-08,-37.29,2.5000
2008,RGR,2008-02-26,-14.45,1.2100
2008,STN,2008-02-21,-45.11,1.7500
2008,TREX,2008-02-26,21.10,0.3400
2008,TTEK,2008-01-30,18.52,0.6800
2008,WCC,2008-01-31,-55.66,0.3100
2008,WLFC,2008-03-31,19.09,2.7200
2008,WOR,2008-03-20,-43.59,0.2800
2008,WSO,2008-02-19,-3.97,0.5600
2009,AAON,2009-03-11,20.64,0.7400
2009,AGX,2009-04-14,-15.97,0.9400
2009,ALGT,2009-01-26,34.50,1.5400
2009,ALNT,2009-03-19,137.76,0.1800
2009,ARCB,2009-01-29,-1.30,0.3300
2009,ATI,2009-01-21,90.34,0.4100
2009,ATRO,2009-02-12,-11.11,0.2600
2009,AVAV,2009-03-09,-22.17,2.8600
2009,AXON,2009-02-24,53.76,3.2100
2009,AZZ,2009-01-09,16.75,0.8800
2009,BBSI,2009-02-10,27.42,0.3700
2009,CECO,2009-03-12,31.59,1.5000
2009,CLH,2009-02-25,3.22,0.6700
2009,CMCO,2009-01-22,9.12,0.3900
2009,CODI,2009-03-13,61.38,0.1700
2009,CPA,2009-02-19,69.41,1.0000
2009,CW,2009-02-17,1.39,0.7300
2009,DAC,2009-03-11,2.91,0.8200
2009,DXPE,2009-03-10,20.69,0.1600
2009,DY,2009-02-24,78.91,0.1500
2009,EBF,2009-04-24,97.55,0.4000
2009,ENS,2009-02-04,119.62,0.2100
2009,EPAC,2009-03-18,155.56,0.3400
2009,ESLT,2009-03-11,41.09,0.6900
2009,FCN,2009-03-02,-11.36,1.7200
2009,FIX,2009-02-26,42.20,0.2500
2009,FRO,2009-02-26,29.07,0.6800
2009,FSS,2009-02-26,7.40,0.3400
2009,FWRD,2009-02-09,0.55,1.3300
2009,GBX,2009-01-09,53.80,0.0900
2009,GEO,2009-02-12,41.69,0.6900
2009,GRC,2009-02-12,2.59,1.1900
2009,HEI,2009-02-24,36.87,1.5700
2009,HLIO,2009-03-02,107.33,1.1700
2009,HTLD,2009-01-22,8.92,2.0000
2009,HUBG,2009-01-29,23.69,0.4100
2009,HURN,2009-02-24,-44.18,1.1600
2009,ICFI,2009-03-11,9.64,0.4900
2009,JBTM,2009-03-31,67.69,0.3100
2009,KAI,2009-03-04,103.40,0.2900
2009,KFY,2009-03-11,129.43,0.4400
2009,LNN,2009-04-02,56.56,0.7000
2009,MRCY,2009-01-27,126.50,0.5900
2009,MTZ,2009-03-02,39.23,0.5300
2009,PKE,2009-05-15,63.27,1.9100
2009,RGR,2009-02-24,48.06,0.8000
2009,STN,2009-02-26,33.80,0.6400
2009,TREX,2009-02-27,121.86,0.4100
2009,TTEK,2009-01-28,11.83,0.5800
2009,WCC,2009-01-29,54.03,0.1300
2009,WLFC,2009-05-11,12.22,2.5800
2009,WOR,2009-04-01,68.64,0.1500
2009,WSO,2009-02-17,67.44,0.5400
2010,AAON,2010-03-15,40.72,0.2900
2010,AGX,2010-04-14,-31.66,0.7600
2010,ALGT,2010-01-25,-8.73,1.8500
2010,ALNT,2010-03-18,102.94,0.6500
2010,ARCB,2010-01-28,6.59,0.4000
2010,ATI,2010-01-27,52.73,1.3800
2010,ATRO,2010-02-09,217.71,0.2100
2010,AVAV,2010-03-09,20.21,2.3100
2010,AXON,2010-02-19,-44.62,4.3400
2010,AZZ,2010-01-08,18.43,1.0900
2010,BBSI,2010-02-09,19.94,0.5600
2010,CAR,2010-02-17,17.66,0.2700
2010,CECO,2010-03-11,-24.14,3.0900
2010,CLH,2010-02-24,77.44,0.7600
2010,CMCO,2010-01-28,18.80,0.5600
2010,CODI,2010-03-09,8.82,0.4100
2010,CPA,2010-02-10,12.02,1.7500
2010,CRAI,2010-01-14,-7.04,0.9700
2010,CW,2010-02-15,20.28,0.7500
2010,CYD,2010-03-31,67.12,0.9500
2010,DAC,2010-03-29,3.26,0.7900
2010,DXPE,2010-03-22,77.50,0.2500
2010,DY,2010-02-23,105.22,0.3200
2010,EBF,2010-04-26,13.04,1.8100
2010,ENS,2010-02-03,65.32,0.6700
2010,EPAC,2010-03-17,27.50,1.3100
2010,ESLT,2010-03-10,-16.44,0.9200
2010,FCN,2010-02-26,-9.77,1.3900
2010,FIX,2010-03-01,7.09,0.4000
2010,FRO,2010-02-26,-4.38,1.8500
2010,FSS,2010-02-23,-25.00,0.4600
2010,FWRD,2010-02-08,30.95,1.5300
2010,GBX,2010-01-08,104.84,0.1900
2010,GEO,2010-02-22,24.22,0.9000
2010,GNRC,2010-05-07,28.85,0.5400
2010,GRC,2010-02-11,44.62,1.5100
2010,HEI,2010-02-24,46.23,2.2600
2010,HLIO,2010-03-08,45.74,4.5000
2010,HTLD,2010-01-27,8.26,2.9300
2010,HUBG,2010-01-28,45.37,0.6300
2010,HURN,2010-02-23,28.96,0.6700
2010,ICFI,2010-03-09,-10.41,0.7100
2010,JBTM,2010-03-31,9.64,0.6000
2010,KAI,2010-02-24,33.91,0.8500
2010,KFY,2010-03-09,19.24,1.5600
2010,LNN,2010-03-31,91.23,1.5800
2010,MRCY,2010-01-26,42.95,1.4900
2010,MTZ,2010-02-24,18.74,0.6300
2010,PKE,2010-04-28,6.45,3.5500
2010,PRIM,2010-03-10,3.57,0.6000
2010,RGR,2010-02-24,35.64,0.7600
2010,STN,2010-02-25,14.85,0.7800
2010,TREX,2010-02-26,49.83,1.1300
2010,TTEK,2010-01-27,-3.39,0.7100
2010,WCC,2010-01-28,91.09,0.2700
2010,WLFC,2010-03-08,-22.50,3.1200
2010,WOR,2010-01-06,13.68,0.4400
2010,WSO,2010-02-17,8.64,0.8700
2011,AAON,2011-03-10,0.51,0.4000
2011,AGX,2011-04-14,82.53,0.6500
2011,ALGT,2011-01-31,20.91,1.3400
2011,ALNT,2011-03-18,11.59,1.0900
2011,AMRC,2011-02-17,-3.09,1.0800
2011,ARCB,2011-02-03,-23.72,0.3800
2011,ATI,2011-01-26,-23.37,1.7600
2011,ATRO,2011-02-08,51.80,0.4700
2011,AVAV,2011-03-08,-5.28,2.2100
2011,AXON,2011-02-23,6.31,2.8500
2011,AZZ,2011-01-07,17.60,1.3300
2011,BBSI,2011-02-09,22.69,0.5700
2011,CAR,2011-02-16,-6.83,0.3100
2011,CECO,2011-03-31,-65.36,2.7800
2011,CLH,2011-02-23,46.33,0.8300
2011,CMCO,2011-01-28,-11.14,0.6500
2011,CMRE,2011-02-16,-10.68,1.9000
2011,CODI,2011-03-10,-4.32,0.4200
2011,CPA,2011-02-10,21.53,1.7400
2011,CRAI,2011-01-13,-1.24,0.9300
2011,CW,2011-02-14,4.53,0.8800
2011,CYD,2011-03-31,-45.76,0.4900
2011,DAC,2011-03-17,-14.32,1.4300
2011,DXPE,2011-03-16,86.12,0.4200
2011,DY,2011-03-01,30.67,0.6000
2011,EBF,2011-04-25,-24.41,1.9500
2011,ENS,2011-02-09,-7.47,0.9300
2011,EPAC,2011-03-17,12.76,1.6300
2011,ESLT,2011-03-15,-32.11,0.8200
2011,FCN,2011-02-24,29.56,1.1200
2011,FIX,2011-03-01,-11.93,0.4400
2011,FRO,2011-02-22,-76.72,1.7200
2011,FSS,2011-03-16,4.14,0.4800
2011,FWRD,2011-02-14,27.04,1.7500
2011,GBX,2011-01-07,22.47,0.5800
2011,GEO,2011-02-17,-28.00,1.3400
2011,GNRC,2011-02-18,50.86,1.3000
2011,GRC,2011-02-10,17.89,1.9700
2011,HEI,2011-02-22,36.92,2.7500
2011,HLIO,2011-03-07,18.74,4.2700
2011,HTLD,2011-01-20,-7.38,2.9000
2011,HUBG,2011-01-27,-7.24,0.7500
2011,HURN,2011-02-21,30.72,0.9600
2011,ICFI,2011-03-02,16.75,0.5700
2011,JBTM,2011-03-31,-14.92,0.6100
2011,KAI,2011-02-23,19.08,0.9500
2011,KFY,2011-03-09,-29.75,1.3600
2011,LNN,2011-03-30,-15.36,2.5300
2011,MRCY,2011-01-25,-16.03,1.9900
2011,MTZ,2011-02-23,10.14,0.5400
2011,PKE,2011-05-02,-19.50,3.1600
2011,PRIM,2011-03-16,74.86,0.4600
2011,RGR,2011-02-23,174.34,1.1000
2011,STN,2011-02-24,6.11,0.9300
2011,TREX,2011-02-28,-11.35,1.5900
2011,TTEK,2011-02-02,-1.86,0.6700
2011,WCC,2011-01-27,16.03,0.5500
2011,WLFC,2011-03-15,8.53,2.3800
2011,WOR,2011-01-05,-7.25,0.3800
2011,WSO,2011-02-15,16.92,0.7200
2012,AAON,2012-03-14,31.86,0.5500
2012,AGX,2012-04-12,-3.34,1.5600
2012,ALGT,2012-02-01,31.06,1.3900
2012,ALNT,2012-03-13,-7.79,0.8900
2012,AMRC,2012-02-29,-46.42,0.8900
2012,ARCB,2012-01-27,-43.39,0.2600
2012,ATI,2012-01-25,-38.34,1.1200
2012,ATRO,2012-02-06,-20.30,0.9300
2012,AVAV,2012-03-06,-19.96,1.8900
2012,AXON,2012-02-23,63.90,2.7800
2012,AZZ,2012-01-06,77.75,1.2800
2012,BBSI,2012-02-13,119.78,0.5800
2012,CAR,2012-02-15,58.05,0.2600
2012,CECO,2012-03-08,-66.33,0.9600
2012,CLH,2012-02-22,-23.46,1.0800
2012,CMCO,2012-01-27,15.30,0.5100
2012,CMRE,2012-02-01,5.65,1.7000
2012,CODI,2012-03-07,8.89,0.3600
2012,CPA,2012-02-08,60.99,1.6700
2012,CRAI,2012-02-16,-15.10,0.8600
2012,CW,2012-02-17,-3.56,0.8600
2012,CYD,2012-03-31,-9.49,0.2600
2012,DAC,2012-02-21,-0.49,0.9500
2012,DXPE,2012-02-29,57.03,0.6600
2012,DY,2012-02-28,-2.58,0.6700
2012,EBF,2012-04-23,-0.59,0.7600
2012,ENS,2012-02-08,30.05,0.6800
2012,EPAC,2012-03-21,6.69,1.4100
2012,ESLT,2012-05-15,22.56,0.5600
2012,FCN,2012-02-23,-19.12,1.1900
2012,FIX,2012-02-29,9.09,0.3400
2012,FRO,2012-02-27,-51.67,0.5900
2012,FSS,2012-03-14,29.24,0.4500
2012,FWRD,2012-02-07,1.92,2.0000
2012,GBX,2012-01-06,-31.44,0.6000
2012,GEO,2012-02-21,89.57,0.6700
2012,GNRC,2012-02-14,80.77,1.5100
2012,GRC,2012-02-08,-9.89,1.9200
2012,HEI,2012-02-22,-1.20,3.0900
2012,HLIO,2012-03-12,-2.41,3.7600
2012,HTLD,2012-01-20,-9.72,2.4200
2012,HUBG,2012-01-26,8.27,0.4600
2012,HURN,2012-02-22,-5.87,1.2500
2012,ICFI,2012-02-29,-6.90,0.6100
2012,JBTM,2012-03-31,26.53,0.5000
2012,KAI,2012-02-22,8.92,0.9000
2012,KFY,2012-03-07,18.72,0.8800
2012,LNN,2012-03-28,34.28,1.6500
2012,MRCY,2012-01-24,-46.93,1.8800
2012,MTZ,2012-02-29,71.06,0.4700
2012,PKE,2012-05-01,-8.25,2.8000
2012,PRIM,2012-03-01,31.25,0.5300
2012,RGR,2012-02-22,34.51,2.3200
2012,STN,2012-02-23,31.79,1.0000
2012,TREX,2012-02-27,77.06,1.6600
2012,TTEK,2012-02-01,20.42,0.5700
2012,WCC,2012-01-26,14.01,0.5400
2012,WOR,2012-01-05,52.07,0.3100
2012,WSO,2012-02-15,6.17,0.8100
2013,AAON,2013-03-14,57.11,1.4200
2013,AGX,2013-04-10,77.52,0.7800
2013,ALGT,2013-01-30,35.05,1.5600
2013,ALNT,2013-03-11,72.25,0.9000
2013,AMRC,2013-03-18,7.95,0.5500
2013,ARCB,2013-01-30,208.40,0.1300
2013,ATI,2013-01-23,3.76,0.6600
2013,ATRO,2013-02-05,200.00,0.7700
2013,AVAV,2013-03-05,46.33,1.6400
2013,AXON,2013-02-21,174.35,3.2900
2013,AZZ,2013-01-09,0.90,1.8500
2013,BBSI,2013-02-12,90.41,0.7400
2013,CAR,2013-02-13,73.46,0.3400
2013,CECO,2013-03-07,169.43,0.3400
2013,CLH,2013-02-20,-13.30,1.3500
2013,CMCO,2013-01-25,49.08,0.5600
2013,CMRE,2013-01-23,16.84,2.1700
2013,CODI,2013-03-06,16.84,0.8200
2013,CPA,2013-02-06,20.85,2.1900
2013,CRAI,2013-02-14,-0.05,0.7800
2013,CW,2013-02-20,73.27,0.8100
2013,CYD,2013-04-22,44.51,0.2400
2013,DAC,2013-02-11,50.37,0.7500
2013,DXPE,2013-02-27,73.67,0.8100
2013,DY,2013-02-26,22.33,0.5500
2013,EBF,2013-04-22,6.25,0.7400
2013,ENS,2013-02-06,60.31,0.8800
2013,EPAC,2013-03-20,7.39,1.4800
2013,ESLT,2013-03-13,52.96,0.5600
2013,FCN,2013-02-28,-14.74,0.8800
2013,FIX,2013-02-28,35.66,0.3500
2013,FRO,2013-02-21,45.52,0.3600
2013,FSS,2013-03-15,91.83,0.5600
2013,FWRD,2013-02-11,15.06,1.8900
2013,GBX,2013-01-09,87.32,0.3300
2013,GEO,2013-02-21,-2.98,1.2700
2013,GNRC,2013-02-14,80.94,1.8500
2013,GRC,2013-02-08,27.27,1.7100
2013,HEI,2013-02-20,58.13,2.7300
2013,HLIO,2013-03-04,44.87,3.7200
2013,HTLD,2013-01-23,51.91,2.0900
2013,HUBG,2013-01-29,8.06,0.4400
2013,HURN,2013-02-20,84.99,1.1600
2013,ICFI,2013-02-27,43.37,0.5100
2013,JBTM,2013-03-31,49.28,0.6800
2013,KAI,2013-02-26,35.42,0.9300
2013,KFY,2013-03-06,42.39,1.0600
2013,LNN,2013-01-08,-3.41,1.9100
2013,MRCY,2013-01-29,37.11,1.0500
2013,MTZ,2013-02-28,26.52,0.6100
2013,PKE,2013-05-09,13.81,2.8200
2013,PRIM,2013-03-07,56.43,0.6700
2013,RGR,2013-02-27,27.77,2.1400
2013,STN,2013-02-21,52.61,0.9800
2013,TREX,2013-02-19,75.66,2.5600
2013,TTEK,2013-01-30,-2.97,0.6900
2013,WCC,2013-01-31,12.04,0.5700
2013,WLFC,2013-03-11,19.89,2.7900
2013,WOR,2013-01-03,64.25,0.4400
2013,WSO,2013-02-14,20.22,0.7800
2014,AAON,2014-03-13,23.44,3.1600
2014,AGX,2014-04-08,26.39,1.7500
2014,ALGT,2014-01-29,77.32,1.8600
2014,ALNT,2014-03-18,108.91,1.3300
2014,AMRC,2014-03-13,-16.81,0.6600
2014,ARCB,2014-01-30,17.01,0.3700
2014,ATI,2014-01-22,-12.31,0.8100
2014,ATRO,2014-02-13,69.78,2.2200
2014,AVAV,2014-03-04,-11.59,3.1300
2014,AXON,2014-02-26,19.86,7.5000
2014,AZZ,2014-01-08,4.58,1.4600
2014,BBSI,2014-02-04,-61.05,1.0900
2014,CAR,2014-02-19,56.63,0.5400
2014,CECO,2014-03-06,-15.97,0.9400
2014,CLH,2014-02-26,21.53,0.8000
2014,CMCO,2014-01-23,-1.11,0.9200
2014,CMRE,2014-01-27,-1.95,2.4100
2014,CODI,2014-03-11,-7.81,0.9000
2014,CPA,2014-02-12,-16.74,2.2800
2014,CRAI,2014-02-13,47.05,0.7700
2014,CW,2014-02-19,11.91,1.2200
2014,CYD,2014-04-22,-1.83,0.3000
2014,DAC,2014-02-10,-0.49,1.1400
2014,DXPE,2014-03-03,-55.66,1.1700
2014,DY,2014-02-25,41.83,0.4900
2014,EBF,2014-04-21,-11.76,0.7700
2014,ENS,2014-02-05,-8.37,1.4000
2014,EPAC,2014-03-19,-24.17,1.8600
2014,ESLT,2014-03-19,11.80,0.8700
2014,FCN,2014-02-20,24.51,0.7000
2014,FIX,2014-02-27,-0.30,0.4700
2014,FRO,2014-02-27,-42.42,0.6900
2014,FSS,2014-03-05,17.38,1.0500
2014,FWRD,2014-02-10,19.88,2.0400
2014,GBX,2014-01-08,56.09,0.6300
2014,GEO,2014-02-19,36.36,1.5200
2014,GNRC,2014-02-13,-13.59,2.6700
2014,GRC,2014-02-07,1.26,1.9700
2014,HEI,2014-02-25,6.10,3.7100
2014,HLIO,2014-03-03,-3.65,5.4100
2014,HTLD,2014-02-04,22.85,3.0200
2014,HUBG,2014-01-28,-15.62,0.4400
2014,HURN,2014-02-25,13.56,1.9100
2014,ICFI,2014-02-26,19.99,0.7400
2014,JBTM,2014-03-31,15.60,0.9700
2014,KAI,2014-02-19,13.54,1.2100
2014,KFY,2014-03-06,23.11,1.3600
2014,LNN,2014-01-03,-2.73,1.5600
2014,MRCY,2014-01-28,32.84,1.5600
2014,MTZ,2014-02-27,-46.07,0.6800
2014,PKE,2014-01-10,-15.23,3.3800
2014,PRIM,2014-02-28,-44.93,0.8300
2014,RGR,2014-02-25,-32.70,1.9800
2014,STN,2014-02-27,-16.13,1.3100
2014,TREX,2014-02-24,20.85,4.0500
2014,TTEK,2014-01-29,-14.23,0.6900
2014,WCC,2014-01-30,-17.73,0.5800
2014,WLFC,2014-03-03,5.58,2.9600
2014,WOR,2014-03-27,-32.96,0.5800
2014,WSO,2014-02-13,23.97,0.8700
2015,AAON,2015-02-27,8.46,3.4600
2015,AGX,2015-04-10,-0.78,1.3300
2015,ALGT,2015-01-28,-10.25,2.7100
2015,ALNT,2015-03-12,-20.00,1.4200
2015,AMRC,2015-03-05,-26.25,0.5400
2015,ARCB,2015-02-04,-54.89,0.3900
2015,ATI,2015-01-20,-71.64,0.7200
2015,ATRO,2015-02-19,-58.05,1.9600
2015,AVAV,2015-03-03,-5.27,2.6300
2015,AXON,2015-02-26,-14.59,7.4800
2015,AZZ,2015-01-09,19.63,1.3400
2015,CAR,2015-02-18,-52.13,0.8000
2015,CECO,2015-03-05,-25.00,0.6000
2015,CLH,2015-02-25,-25.34,0.9800
2015,CMCO,2015-01-29,-44.51,0.8800
2015,CMRE,2015-02-04,-61.49,2.0200
2015,CODI,2015-03-02,-12.67,0.8400
2015,CPA,2015-02-11,-51.99,1.8200
2015,CRAI,2015-03-17,-44.81,0.9600
2015,CW,2015-02-18,-6.27,1.3900
2015,CYD,2015-04-09,-48.75,0.3100
2015,DAC,2015-02-09,-22.28,1.2100
2015,DXPE,2015-03-02,-68.71,0.4600
2015,DY,2015-02-24,59.76,0.7000
2015,EBF,2015-01-05,45.41,0.6000
2015,ENS,2015-02-04,-20.97,1.1300
2015,EPAC,2015-03-18,-8.76,1.1600
2015,ESLT,2015-03-11,46.22,0.9600
2015,FCN,2015-02-19,-7.02,0.8600
2015,FIX,2015-02-26,60.25,0.4500
2015,FSS,2015-03-02,-29.49,1.1500
2015,FWRD,2015-02-10,-16.41,2.0300
2015,GBX,2015-01-07,-51.45,0.7900
2015,GEO,2015-02-18,-34.30,1.9200
2015,GNRC,2015-02-11,-33.08,2.3500
2015,GRC,2015-02-06,-23.68,1.8500
2015,HEI,2015-02-24,-10.27,3.6900
2015,HLIO,2015-02-23,-26.76,4.7400
2015,HTLD,2015-02-03,-29.70,2.5200
2015,HUBG,2015-02-04,-11.14,0.3500
2015,HURN,2015-02-24,-32.16,1.8500
2015,ICFI,2015-02-26,-17.72,0.7800
2015,JBTM,2015-03-31,57.92,1.0600
2015,KAI,2015-02-25,-4.12,1.1500
2015,KFY,2015-03-09,-11.70,1.5100
2015,LNN,2015-01-06,-7.29,1.6400
2015,MRCY,2015-01-27,21.20,2.1500
2015,MTZ,2015-02-26,-29.27,0.3800
2015,PKE,2015-01-08,-37.16,2.9900
2015,PRIM,2015-03-03,12.14,0.4300
2015,RGR,2015-02-25,39.58,1.6800
2015,STN,2015-02-26,-13.51,1.0400
2015,TREX,2015-02-24,-20.16,4.0900
2015,TTEK,2015-01-28,0.42,0.6200
2015,WCC,2015-01-29,-43.41,0.4400
2015,WLFC,2015-03-11,-3.08,2.8300
2015,WOR,2015-03-25,39.64,0.3100
2015,WSO,2015-02-12,5.40,1.0300
2016,AAON,2016-02-25,30.84,2.4500
2016,AGX,2016-04-14,88.32,1.2400
2016,ALGT,2016-01-27,8.52,2.1100
2016,ALNT,2016-03-09,14.68,1.2300
2016,AMRC,2016-03-03,22.00,0.3800
2016,ARCB,2016-02-03,74.13,0.1700
2016,ATI,2016-01-26,179.90,0.2300
2016,ATRO,2016-02-17,56.18,0.7900
2016,AVAV,2016-03-08,-1.62,2.3100
2016,AXON,2016-02-29,32.46,5.3400
2016,AZZ,2016-01-08,18.44,1.5100
2016,BBSI,2016-05-26,68.24,0.3500
2016,CAR,2016-02-23,35.58,0.3500
2016,CECO,2016-03-10,82.78,0.4100
2016,CLH,2016-02-24,34.78,0.7400
2016,CMCO,2016-01-28,91.26,0.4900
2016,CMRE,2016-01-27,-12.92,0.7700
2016,CODI,2016-02-29,13.90,0.8300
2016,CPA,2016-02-17,84.19,1.0300
2016,CRAI,2016-02-18,116.94,0.5000
2016,CW,2016-02-24,50.79,1.3800
2016,CYD,2016-04-15,70.11,0.1800
2016,DAC,2016-02-16,-42.68,0.9100
2016,DXPE,2016-02-26,170.50,0.1600
2016,DY,2016-02-23,62.23,0.8700
2016,EBF,2016-05-10,-10.33,0.8600
2016,ENS,2016-01-28,61.96,0.9300
2016,EPAC,2016-03-16,15.52,1.1600
2016,ESLT,2016-03-22,19.23,1.3400
2016,FCN,2016-02-25,17.35,0.8100
2016,FIX,2016-02-23,21.44,0.6500
2016,FRO,2016-05-31,-39.08,1.9100
2016,FSS,2016-02-29,25.46,0.9600
2016,FWRD,2016-02-09,8.59,1.3900
2016,GBX,2016-01-07,85.32,0.2800
2016,GEO,2016-02-17,65.22,1.1600
2016,GNRC,2016-02-16,21.53,1.6800
2016,GRC,2016-02-05,39.18,1.4500
2016,HEI,2016-02-25,48.05,3.0700
2016,HLIO,2016-02-29,28.95,3.9700
2016,HTLD,2016-01-26,16.65,2.0300
2016,HUBG,2016-02-03,46.52,0.3100
2016,HURN,2016-02-22,-10.73,1.3000
2016,ICFI,2016-03-07,50.28,0.5800
2016,JBTM,2016-03-31,55.91,1.4600
2016,KAI,2016-02-24,55.06,1.1200
2016,KFY,2016-03-09,9.83,1.2500
2016,LNN,2016-03-31,22.62,1.5000
2016,MRCY,2016-01-26,79.15,2.4500
2016,MTZ,2016-02-25,155.17,0.2800
2016,PKE,2016-01-07,20.46,2.0300
2016,PRIM,2016-02-25,28.74,0.5200
2016,RGR,2016-02-24,-21.68,2.2600
2016,STN,2016-02-25,20.52,0.9400
2016,TREX,2016-02-23,78.59,2.8000
2016,TTEK,2016-01-27,78.03,0.6300
2016,WCC,2016-01-28,94.93,0.2400
2016,WLFC,2016-03-07,30.76,2.3500
2016,WOR,2016-03-22,39.96,0.4800
2016,WSO,2016-02-11,23.09,1.0500
2017,AAON,2017-02-23,20.99,2.9600
2017,AGX,2017-04-10,-33.33,1.5000
2017,ALGT,2017-01-31,-7.41,2.0700
2017,ALNT,2017-03-13,36.22,1.3200
2017,AMRC,2017-03-02,62.30,0.4300
2017,ARCB,2017-02-08,15.80,0.3000
2017,ATI,2017-01-24,33.62,0.7700
2017,ATRO,2017-02-17,25.01,1.3300
2017,AVAV,2017-03-07,93.23,2.6900
2017,AXON,2017-02-28,6.16,5.0900
2017,BBSI,2017-03-07,18.95,0.5500
2017,CAR,2017-02-15,-4.18,0.4100
2017,CECO,2017-03-09,69.73,0.6800
2017,CLH,2017-02-22,-11.39,1.1700
2017,CMCO,2017-01-26,39.16,0.9200
2017,CMRE,2017-01-26,4.34,0.7600
2017,CODI,2017-03-01,-0.60,0.9200
2017,CPA,2017-02-15,34.07,1.8900
2017,CRAI,2017-03-01,24.07,0.9600
2017,CW,2017-02-15,29.61,2.1100
2017,DAC,2017-02-21,-51.85,0.6000
2017,DXPE,2017-03-31,-13.49,0.6900
2017,DY,2017-03-01,13.00,1.0500
2017,EBF,2017-04-25,19.59,1.2200
2017,ENS,2017-02-08,-14.63,1.4600
2017,EPAC,2017-03-22,-15.40,1.4700
2017,ESLT,2017-03-22,14.67,1.5200
2017,FCN,2017-02-28,16.77,0.9300
2017,FIX,2017-02-23,27.85,0.7600
2017,FRO,2017-05-30,6.10,1.3000
2017,FSS,2017-02-28,43.75,1.2600
2017,FWRD,2017-02-08,27.27,1.4400
2017,GBX,2017-01-06,8.35,0.6200
2017,GEO,2017-02-22,-36.95,1.6300
2017,GNRC,2017-02-14,13.14,1.7500
2017,GRC,2017-02-03,-12.95,2.2600
2017,HEI,2017-02-28,54.47,4.0200
2017,HLIO,2017-02-27,50.05,5.2500
2017,HTLD,2017-01-26,-1.66,2.7800
2017,HUBG,2017-02-02,1.68,0.4100
2017,HURN,2017-02-23,-8.65,1.2100
2017,ICFI,2017-02-27,10.42,0.8500
2017,JBTM,2017-03-31,22.91,1.8400
2017,KAI,2017-02-23,57.86,1.6700
2017,KFY,2017-03-06,40.50,1.0800
2017,LNN,2017-03-30,4.13,1.8400
2017,MRCY,2017-01-23,55.98,3.7300
2017,MTZ,2017-02-23,38.87,0.5900
2017,PKE,2017-01-05,14.95,2.9100
2017,PRIM,2017-02-28,-4.14,0.6500
2017,RGR,2017-02-22,-5.96,1.4400
2017,STN,2017-02-23,-3.39,0.9300
2017,TREX,2017-02-21,57.15,4.3900
2017,TTEK,2017-02-01,16.80,0.9200
2017,WCC,2017-01-26,-9.84,0.5000
2017,WLFC,2017-03-10,12.05,2.3500
2017,WOR,2017-03-29,-15.22,0.7000
2017,WSO,2017-02-14,10.13,1.2600
2018,AAON,2018-02-27,7.53,3.3700
2018,AGX,2018-04-11,17.93,0.7600
2018,ALGT,2018-01-31,-21.04,1.6800
2018,ALNT,2018-03-14,30.50,1.7700
2018,AMRC,2018-03-06,76.87,0.6300
2018,ARCB,2018-01-31,15.50,0.3300
2018,ATI,2018-01-23,-14.01,1.0000
2018,ATRO,2018-02-26,-3.99,1.6000
2018,AVAV,2018-03-06,51.87,3.8700
2018,AXON,2018-02-27,120.99,4.1900
2018,AZZ,2018-05-15,11.99,1.3000
2018,BBSI,2018-02-27,1.97,0.6000
2018,CAR,2018-02-21,-24.51,0.3700
2018,CECO,2018-03-08,15.19,1.4000
2018,CLH,2018-02-28,36.33,0.9700
2018,CMCO,2018-02-06,-4.89,1.0800
2018,CMRE,2018-01-23,-21.88,1.1900
2018,CODI,2018-02-28,-4.37,0.7900
2018,CPA,2018-02-21,-28.48,2.2200
2018,CRAI,2018-02-15,8.80,1.0100
2018,CW,2018-02-21,-7.53,2.5400
2018,DAC,2018-02-12,-34.62,0.3200
2018,DXPE,2018-03-20,-3.24,0.5900
2018,DY,2018-02-28,-60.34,1.1800
2018,EBF,2018-04-24,-2.40,1.4000
2018,ENS,2018-02-07,33.36,1.1100
2018,EPAC,2018-03-21,5.96,1.2100
2018,ESLT,2018-03-20,-2.19,1.6900
2018,FCN,2018-02-22,59.67,0.9800
2018,FIX,2018-02-22,23.69,0.8800
2018,FRO,2018-02-28,65.89,1.0200
2018,FSS,2018-02-28,14.91,1.4200
2018,FWRD,2018-02-07,-1.03,1.6000
2018,GBX,2018-01-05,-22.83,0.7600
2018,GEO,2018-02-14,14.25,1.0900
2018,GNRC,2018-02-13,15.88,1.6800
2018,GRC,2018-02-09,17.04,1.9100
2018,HEI,2018-02-27,44.07,5.5900
2018,HLIO,2018-02-26,-32.94,4.5500
2018,HTLD,2018-02-12,-0.30,2.7600
2018,HUBG,2018-02-08,1.29,0.3700
2018,HURN,2018-02-27,28.08,1.1000
2018,ICFI,2018-02-27,28.08,0.8800
2018,JBTM,2018-03-31,-13.58,2.0500
2018,KAI,2018-02-15,-10.15,2.1600
2018,KFY,2018-03-06,7.22,1.3900
2018,LNN,2018-03-29,-6.92,1.8300
2018,MRCY,2018-01-23,3.22,5.2100
2018,MTZ,2018-02-27,-16.07,0.6400
2018,PKE,2018-01-04,0.69,3.7100
2018,PRIM,2018-02-26,-1.93,0.5200
2018,RGR,2018-02-21,25.92,1.6200
2018,STN,2018-02-22,-4.09,0.7300
2018,TREX,2018-02-21,40.13,5.8600
2018,TTEK,2018-01-31,1.31,0.9900
2018,WCC,2018-02-01,-21.62,0.4100
2018,WLFC,2018-03-13,45.29,1.9600
2018,WOR,2018-03-29,-14.32,0.4800
2018,WSO,2018-02-08,-13.42,1.4200
2019,AAON,2019-02-27,38.54,5.0200
2019,AGX,2019-04-10,-27.08,1.6300
2019,ALGT,2019-01-30,29.76,1.2100
2019,ALNT,2019-03-13,-23.78,1.8900
2019,AMRC,2019-03-06,31.35,1.0500
2019,ARCB,2019-01-30,-37.58,0.3500
2019,ATI,2019-01-22,-22.73,0.9300
2019,ATRO,2019-02-21,-39.38,1.2300
2019,AVAV,2019-03-05,-30.17,5.3800
2019,AXON,2019-02-26,28.06,8.5500
2019,AZZ,2019-01-08,7.94,1.2300
2019,BBSI,2019-02-26,5.10,0.6000
2019,CAR,2019-02-20,46.82,0.2500
2019,CECO,2019-03-07,-55.60,1.6800
2019,CLH,2019-02-27,14.31,1.1600
2019,CMCO,2019-01-31,2.60,0.9700
2019,CMRE,2019-01-23,71.71,1.0500
2019,CODI,2019-02-27,20.79,0.5700
2019,CPA,2019-02-13,13.16,1.5000
2019,CRAI,2019-02-28,-10.93,1.0100
2019,CW,2019-02-26,9.56,2.1600
2019,CYD,2019-04-10,-22.56,0.3000
2019,DAC,2019-02-19,-51.60,0.3900
2019,DXPE,2019-03-07,-27.35,0.4800
2019,DY,2019-02-27,-30.16,0.4300
2019,EBF,2019-04-22,-16.73,1.3000
2019,ENS,2019-02-06,-12.77,1.4200
2019,EPAC,2019-03-21,-23.34,1.2600
2019,ESLT,2019-03-19,-8.81,1.5100
2019,FCN,2019-02-26,46.63,1.4300
2019,FIX,2019-02-21,-12.51,0.8900
2019,FRO,2019-02-28,18.69,1.4600
2019,FSS,2019-02-28,23.03,1.3500
2019,FWRD,2019-02-07,15.00,1.2800
2019,GBX,2019-01-09,-27.86,0.5000
2019,GEO,2019-02-14,-22.55,1.1800
2019,GNRC,2019-02-14,121.83,1.6100
2019,GRC,2019-02-08,6.11,2.1000
2019,HEI,2019-02-26,21.09,6.9700
2019,HLIO,2019-02-25,2.43,2.4300
2019,HTLD,2019-01-22,1.00,2.6900
2019,HUBG,2019-02-07,21.77,0.3900
2019,HURN,2019-02-26,17.81,1.3400
2019,ICFI,2019-02-26,7.67,1.0500
2019,JBTM,2019-03-31,-20.50,1.5600
2019,KAI,2019-02-13,28.50,1.5800
2019,KFY,2019-03-07,-32.07,1.3200
2019,LNN,2019-01-08,21.37,1.7500
2019,MRCY,2019-01-29,54.09,4.2200
2019,MTZ,2019-02-28,21.31,0.4900
2019,PKE,2019-01-03,-18.20,5.0100
2019,PRIM,2019-02-28,-9.07,0.4100
2019,RGR,2019-02-20,-12.83,2.1300
2019,STN,2019-02-28,19.35,0.8400
2019,TREX,2019-02-14,31.10,6.7500
2019,TTEK,2019-01-30,77.66,0.9700
2019,WCC,2019-01-31,-3.36,0.3000
2019,WLFC,2019-03-13,-17.44,2.2500
2019,WOR,2019-03-20,-30.48,0.3400
2019,WSO,2019-02-14,21.75,1.1800
2020,AAON,2020-02-27,33.08,6.4700
2020,AGX,2020-04-14,46.68,2.4100
2020,ALGT,2020-01-29,18.51,1.4200
2020,ALNT,2020-03-11,49.37,1.2200
2020,AMRC,2020-03-02,163.48,1.2800
2020,ARCB,2020-01-30,85.06,0.2200
2020,ATI,2020-02-04,-7.74,0.7100
2020,ATRO,2020-02-26,-25.84,0.7200
2020,AVAV,2020-03-03,98.49,3.9900
2020,AXON,2020-02-27,107.34,8.7500
2020,AZZ,2020-01-09,5.65,1.2100
2020,BBSI,2020-02-25,-4.85,0.6400
2020,CAR,2020-02-19,5.84,0.3500
2020,CECO,2020-03-04,19.33,0.7400
2020,CLH,2020-02-26,14.60,1.2800
2020,CMCO,2020-02-04,11.31,1.0700
2020,CMRE,2020-01-28,1.96,1.5200
2020,CODI,2020-02-26,20.94,0.7600
2020,CPA,2020-02-12,-27.67,1.6800
2020,CRAI,2020-02-27,43.35,0.7900
2020,CW,2020-02-26,-8.33,2.2600
2020,CYD,2020-05-26,17.31,0.2000
2020,DAC,2020-02-10,584.55,0.3200
2020,DXPE,2020-03-06,40.64,0.3400
2020,DY,2020-02-26,188.00,0.2900
2020,EBF,2020-04-20,21.60,0.9900
2020,ENS,2020-02-05,21.52,1.0700
2020,EPAC,2020-03-19,27.16,1.8200
2020,ESLT,2020-03-25,16.49,1.1700
2020,FCN,2020-02-25,5.96,1.7800
2020,FIX,2020-02-26,37.78,0.6400
2020,FRO,2020-02-27,-3.15,1.3500
2020,FSS,2020-02-27,20.90,1.4900
2020,FWRD,2020-02-06,26.67,1.3600
2020,GBX,2020-01-08,29.43,0.2900
2020,GEO,2020-02-12,-51.58,0.8600
2020,GNRC,2020-02-13,173.10,3.3200
2020,GRC,2020-02-07,-7.99,2.2900
2020,HEI,2020-02-25,16.79,7.4300
2020,HLIO,2020-02-24,70.67,2.2900
2020,HTLD,2020-01-23,-4.99,2.7900
2020,HUBG,2020-02-06,2.46,0.5000
2020,HURN,2020-02-25,-5.82,1.4600
2020,ICFI,2020-02-27,8.82,1.0200
2020,JBTM,2020-03-31,79.53,1.2000
2020,KAI,2020-02-12,30.48,1.8400
2020,KFY,2020-03-10,95.06,0.8400
2020,LNN,2020-01-09,32.21,2.5800
2020,MRCY,2020-01-28,-3.86,5.9400
2020,MTZ,2020-02-27,67.51,0.5500
2020,PKE,2020-01-09,-14.23,5.6300
2020,PRIM,2020-02-25,57.65,0.3500
2020,RGR,2020-02-19,31.91,2.2500
2020,STN,2020-02-26,31.37,0.9000
2020,TREX,2020-02-24,95.11,8.0600
2020,TTEK,2020-01-29,44.16,1.5600
2020,WCC,2020-01-30,51.30,0.2600
2020,WLFC,2020-03-11,7.16,1.5600
2020,WOR,2020-03-26,148.98,0.2600
2020,WSO,2020-02-13,43.07,1.4000
2021,AAON,2021-02-25,-23.59,7.9600
2021,AGX,2021-04-14,-26.65,2.1900
2021,ALGT,2021-02-03,-8.89,3.1500
2021,ALNT,2021-03-10,-26.18,1.8700
2021,AMRC,2021-03-01,6.02,2.9000
2021,ARCB,2021-02-02,97.41,0.4300
2021,ATI,2021-01-28,20.66,0.7700
2021,ATRO,2021-02-23,-10.91,0.8200
2021,AVAV,2021-03-09,-31.39,6.5500
2021,AXON,2021-02-25,-18.61,15.3500
2021,AZZ,2021-01-11,7.40,1.4600
2021,BBSI,2021-03-03,-17.87,0.6500
2021,CAR,2021-02-16,326.06,0.5900
2021,CECO,2021-03-03,-37.79,0.9600
2021,CLH,2021-02-24,4.47,1.5700
2021,CMCO,2021-01-28,3.63,1.5300
2021,CMRE,2021-02-01,79.36,1.6500
2021,CODI,2021-02-24,2.19,0.9700
2021,CPA,2021-02-10,14.38,4.1200
2021,CRAI,2021-03-04,36.71,0.9900
2021,CW,2021-02-24,11.72,2.0800
2021,CYD,2021-03-31,-23.51,0.1800
2021,DAC,2021-02-16,146.97,2.1000
2021,DXPE,2021-03-09,-11.55,0.6200
2021,DY,2021-03-03,3.96,0.8600
2021,EBF,2021-04-20,-12.57,1.4700
2021,ENS,2021-02-10,-20.64,1.3800
2021,EPAC,2021-03-24,-10.45,3.1300
2021,ESLT,2021-03-24,57.11,1.3100
2021,FCN,2021-02-25,21.84,1.6800
2021,FIX,2021-02-25,34.77,0.8000
2021,FRO,2021-02-19,11.52,1.1900
2021,FSS,2021-02-25,-7.96,1.9500
2021,FWRD,2021-02-11,29.04,1.7100
2021,GBX,2021-01-06,22.57,0.4900
2021,GEO,2021-02-16,-24.07,0.4400
2021,GNRC,2021-02-11,0.10,8.1800
2021,GRC,2021-02-05,12.74,2.4200
2021,HEI,2021-02-23,4.00,10.7300
2021,HLIO,2021-03-01,16.08,4.1500
2021,HTLD,2021-01-19,-18.08,2.4200
2021,HUBG,2021-02-04,33.38,0.5500
2021,HURN,2021-02-23,-20.55,1.4700
2021,ICFI,2021-02-25,4.34,1.0600
2021,JBTM,2021-03-31,-11.15,2.5400
2021,KAI,2021-02-17,43.05,2.6800
2021,KFY,2021-02-22,2.71,1.9100
2021,LNN,2021-01-07,0.00,3.1900
2021,MRCY,2021-02-02,-24.94,4.9400
2021,MTZ,2021-02-25,3.66,1.0200
2021,PKE,2021-01-07,-7.81,6.1900
2021,PRIM,2021-02-22,-21.28,0.4600
2021,RGR,2021-02-17,-4.91,2.1400
2021,STN,2021-02-24,32.85,1.2300
2021,TREX,2021-02-22,-8.33,13.2100
2021,TTEK,2021-01-27,9.31,2.3800
2021,WCC,2021-02-09,70.84,0.3200
2021,WLFC,2021-03-15,-10.78,2.3200
2021,WOR,2021-03-24,-2.37,0.7400
2021,WSO,2021-02-11,8.16,1.9000
2022,AAON,2022-02-28,39.16,5.9100
2022,AGX,2022-04-13,-1.71,1.2200
2022,ALGT,2022-02-02,-52.10,1.8400
2022,ALNT,2022-03-09,23.24,1.2700
2022,AMRC,2022-02-28,-19.38,2.8000
2022,ARCB,2022-02-01,-7.40,0.6200
2022,ATI,2022-02-02,76.29,1.0000
2022,ATRO,2022-03-02,10.56,0.8500
2022,AVAV,2022-03-03,19.99,4.0400
2022,AXON,2022-02-24,53.91,10.4500
2022,AZZ,2022-01-10,-20.93,1.5200
2022,BBSI,2022-03-02,58.24,0.4800
2022,CAR,2022-02-14,13.25,1.2100
2022,CECO,2022-03-14,174.72,0.5800
2022,CLH,2022-02-23,43.10,1.3400
2022,CMCO,2022-01-27,-10.64,1.4700
2022,CMRE,2022-03-09,-32.74,1.7500
2022,CODI,2022-02-24,-9.77,0.8100
2022,CPA,2022-02-09,8.22,2.5000
2022,CRAI,2022-03-03,25.43,1.1600
2022,CW,2022-02-23,28.65,2.1100
2022,CYD,2022-02-24,-23.56,0.1300
2022,DAC,2022-02-07,-39.15,2.8700
2022,DXPE,2022-03-25,-4.26,0.5000
2022,DY,2022-03-02,7.09,0.8900
2022,EBF,2022-04-25,13.47,1.1500
2022,ENS,2022-02-09,15.57,0.9700
2022,EPAC,2022-03-23,31.29,2.3000
2022,ESLT,2022-03-29,-21.19,1.8300
2022,FCN,2022-02-24,27.39,1.8200
2022,FIX,2022-02-23,46.82,1.0000
2022,FRO,2022-02-17,129.40,2.1700
2022,FSS,2022-03-01,72.15,1.7100
2022,FWRD,2022-02-09,3.39,1.8000
2022,GBX,2022-01-07,-35.87,0.7900
2022,GEO,2022-02-17,53.29,0.3500
2022,GNRC,2022-02-16,-57.27,5.4700
2022,GRC,2022-02-04,-20.43,2.5200
2022,HEI,2022-02-23,26.89,9.8000
2022,HLIO,2022-02-28,-14.44,2.9400
2022,HTLD,2022-01-20,3.49,2.0500
2022,HUBG,2022-02-08,21.43,0.6100
2022,HURN,2022-02-24,50.88,1.0800
2022,ICFI,2022-02-24,12.06,1.0900
2022,JBTM,2022-03-31,-7.75,1.9800
2022,KAI,2022-02-16,-4.71,3.1200
2022,KFY,2022-03-09,-8.05,1.3700
2022,LNN,2022-01-06,16.60,2.4500
2022,MRCY,2022-02-01,-11.20,3.2800
2022,MTZ,2022-02-24,6.56,0.8500
2022,PKE,2022-01-06,-5.45,4.8800
2022,PRIM,2022-02-28,-1.55,0.4100
2022,RGR,2022-02-23,-13.85,1.5800
2022,STN,2022-02-23,2.22,1.5800
2022,TREX,2022-02-28,-44.03,8.8700
2022,TTEK,2022-02-02,11.99,2.3300
2022,WCC,2022-02-15,26.62,0.3800
2022,WLFC,2022-03-14,82.42,2.2900
2022,WOR,2022-03-22,-14.51,0.4100
2022,WSO,2022-02-10,20.24,1.6700
2023,AAON,2023-02-27,59.95,5.0300
2023,AGX,2023-04-12,26.51,1.1700
2023,ALGT,2023-02-01,-13.38,0.6600
2023,ALNT,2023-03-07,-16.17,1.3300
2023,AMRC,2023-02-27,-60.68,1.5100
2023,ARCB,2023-02-03,59.84,0.4200
2023,ATI,2023-02-02,-0.70,1.5200
2023,ATRO,2023-03-02,24.22,0.7900
2023,AVAV,2023-03-06,49.19,4.5000
2023,AXON,2023-02-28,35.70,12.2800
2023,AZZ,2023-01-09,35.20,0.8000
2023,BBSI,2023-03-01,19.17,0.6500
2023,CAR,2023-02-13,-23.65,0.7700
2023,CECO,2023-03-06,29.19,1.2000
2023,CLH,2023-03-01,36.14,1.4000
2023,CMCO,2023-02-01,2.06,1.1800
2023,CMRE,2023-02-08,7.29,0.8300
2023,CODI,2023-03-01,4.88,0.6900
2023,CPA,2023-02-15,5.08,1.2800
2023,CRAI,2023-03-02,21.16,1.3500
2023,CW,2023-02-21,36.37,2.6000
2023,CYD,2023-02-23,-3.98,0.1300
2023,DAC,2023-02-14,27.32,1.2100
2023,DXPE,2023-03-27,46.19,0.3600
2023,DY,2023-03-01,30.46,0.7600
2023,EBF,2023-04-24,-5.04,1.2100
2023,ENS,2023-02-08,13.68,0.9800
2023,EPAC,2023-03-21,26.80,2.7200
2023,ESLT,2023-03-28,19.28,1.3900
2023,FCN,2023-02-23,22.50,2.1300
2023,FIX,2023-02-22,100.04,1.0800
2023,FRO,2023-02-28,19.33,2.9300
2023,FSS,2023-03-01,45.42,2.4700
2023,FWRD,2023-02-08,-65.71,1.5400
2023,GBX,2023-01-06,62.53,0.2900
2023,GEO,2023-02-14,17.78,0.5200
2023,GNRC,2023-02-15,-8.72,1.8800
2023,GRC,2023-02-03,18.69,1.4500
2023,HEI,2023-02-27,13.92,10.3500
2023,HLIO,2023-02-27,-33.63,2.4700
2023,HTLD,2023-02-03,-20.65,1.3300
2023,HUBG,2023-02-02,-1.65,0.5600
2023,HURN,2023-02-28,52.96,1.2200
2023,ICFI,2023-02-28,56.23,1.0700
2023,JBTM,2023-03-31,-7.20,1.9700
2023,KAI,2023-02-15,57.51,2.5900
2023,KFY,2023-03-08,11.58,1.0500
2023,LNN,2023-01-05,-18.92,2.3000
2023,MRCY,2023-01-31,-39.48,2.8100
2023,MTZ,2023-02-23,-22.14,0.7700
2023,PKE,2023-01-05,12.80,4.8300
2023,PRIM,2023-02-27,56.16,0.3200
2023,RGR,2023-02-22,-21.67,1.6800
2023,STN,2023-02-22,61.87,1.3400
2023,TREX,2023-02-27,84.55,5.0700
2023,TTEK,2023-02-01,0.22,2.3900
2023,WCC,2023-02-14,-20.00,0.4100
2023,WLFC,2023-03-09,-19.13,3.7200
2023,WOR,2023-03-22,94.50,0.3600
2023,WSO,2023-02-16,18.53,1.7300
