ticker,yr,fy,roic,fcfy,iq,capexrev,ccc
AAP,2009,2009-01-03,0.147659,0.090902,2.0112,0.035974,113.14
AAT,2019,2018-12-31,0.036671,0.043496,5.0183,0.164450,-103.96
ABG,2012,2011-12-31,0.064336,-0.367265,-2.6672,0.017072,66.65
ABG,2015,2014-12-31,0.081498,0.011410,0.7545,0.009936,77.81
AGCO,2007,2006-12-31,-0.674809,0.111449,-6.8136,0.023753,74.36
AIMC,2023,2022-12-31,0.048403,0.017765,0.9843,0.028733,98.00
AMRC,2011,2010-12-31,0.072319,-0.031643,0.7258,0.064097,-10.79
AMRC,2019,2018-12-31,0.054239,-0.283534,-1.4158,0.164667,13.57
ARCB,2017,2016-12-31,0.023643,0.044261,5.9113,0.029162,20.38
ARCB,2021,2020-12-31,0.055505,0.136960,2.8972,0.019553,20.03
ARCB,2022,2021-12-31,0.143904,0.080268,1.5151,0.020836,24.81
ARCO,2017,2016-12-31,0.103317,0.062430,2.0834,0.031510,-10.03
ARLP,2011,2010-12-31,0.256322,0.095570,2.1005,0.180039,17.00
ALKS,2022,2021-12-31,0.054137,0.019419,-2.1116,0.024724,276.56
ATGE,2007,2006-06-30,0.070277,0.042278,2.1095,0.029960,-11.73
ATGE,2023,2022-06-30,0.020165,-0.011751,-0.2948,0.022473,-10.05
AVNT,2013,2012-12-31,0.063502,0.027206,1.4889,0.019181,30.51
AXL,2014,2013-12-31,0.101740,-0.018793,2.3598,0.078540,28.69
AXL,2015,2014-12-31,0.083777,0.065436,2.2266,0.055871,30.12
AZZ,2013,2012-02-29,0.089248,0.070159,1.5727,0.042173,121.89
AZZ,2016,2015-02-28,0.095070,0.076148,1.8194,0.035971,105.92
BALL,2009,2008-12-31,0.090459,0.080423,1.9643,0.040587,47.23
BC,2013,2012-12-31,0.126709,0.017418,1.0902,0.033716,71.99
BCC,2017,2016-12-31,0.062417,0.078342,3.9710,0.021370,45.17
BCC,2018,2017-12-31,0.081249,0.049393,1.8271,0.017024,44.21
BCPC,2011,2010-12-31,0.164694,0.033288,1.1729,0.029627,58.16
BDC,2017,2016-12-31,0.071707,0.082871,2.4661,0.022903,42.11
BDC,2023,2022-12-31,0.120738,0.055894,1.1039,0.040320,59.80
BJRI,2015,2014-12-31,0.049477,0.008565,3.6515,0.104219,-5.77
BJRI,2019,2018-12-31,0.103282,0.067890,2.6160,0.054581,-0.25
BOOT,2020,2019-03-31,0.107882,0.042135,1.6211,0.035431,98.85
BURL,2015,2014-01-31,0.057895,0.012808,17.9165,0.037711,26.89
BWA,2007,2006-12-31,0.083664,0.058315,2.0893,0.058512,14.62
BWA,2008,2007-12-31,0.078049,0.062680,2.0919,0.055155,40.07
BYD,2016,2015-12-31,0.067370,0.093112,7.1949,0.059638,-14.07
BYD,2018,2017-12-31,0.078156,0.057473,2.5122,0.079333,-18.59
CATM,2011,2010-12-31,0.191738,0.076337,2.5676,0.095197,-4.70
CATM,2012,2011-12-31,0.144231,0.040666,1.6136,0.107090,-2.03
CATM,2017,2016-12-31,0.123963,0.058532,3.0716,0.099483,9.73
CATM,2020,2019-12-31,0.059962,0.038817,4.2395,0.092564,11.12
CBRE,2010,2009-12-31,0.059733,0.051724,6.6848,0.006769,42.56
CBRL,2015,2014-07-31,0.129656,0.037699,1.3443,0.033746,16.78
CBT,2023,2022-09-30,0.098771,-0.030887,0.4115,0.048831,84.53
CCS,2022,2021-12-31,0.163899,-0.076196,-0.4035,0.002113,276.92
CRAI,2023,2022-12-31,0.124576,0.024112,0.5759,0.006453,101.86
CSW,2021,2020-03-31,0.163344,0.059942,1.5289,0.029639,126.31
CSW,2023,2022-03-31,0.081312,0.028843,1.0263,0.024987,171.44
EXLS,2022,2021-12-31,0.114477,0.030299,1.6067,0.033189,66.12
FSS,2023,2022-12-31,0.094882,0.006687,0.5963,0.036939,117.99
FWRD,2022,2021-12-31,0.109390,0.024680,1.0359,0.028192,41.63
GMS,2022,2021-04-30,0.072272,0.066032,1.4523,0.009056,67.38
HESM,2022,2021-12-31,0.213036,0.890449,1.2876,0.135571,-22.81
HUBG,2022,2021-12-31,0.094556,0.042565,1.4745,0.031413,18.28
HWKN,2022,2021-03-28,0.097047,0.033836,1.0686,0.034838,76.00
IESC,2021,2020-09-30,0.125310,0.108943,1.8438,0.003947,61.06
KAI,2022,2021-12-31,0.096028,0.056075,1.9326,0.016236,119.42
KRO,2021,2020-12-31,0.052029,0.023033,1.6041,0.038321,187.60
MOD,2023,2022-03-31,0.103991,-0.061470,0.1333,0.019658,56.08
MYE,2023,2022-12-31,0.157163,0.060530,1.2050,0.027005,66.01
MYRG,2021,2020-12-31,0.110833,0.130459,2.9811,0.019736,64.93
MYRG,2022,2021-12-31,0.137263,0.045592,1.6143,0.020959,56.97
NBR,2022,2021-12-31,0.095808,0.315776,-0.7886,0.116002,15.93
NBR,2023,2022-12-31,0.171340,0.092628,-1.6311,0.140723,4.26
OXM,2023,2022-01-29,0.166603,0.123386,1.5078,0.027926,48.29
STRL,2023,2022-12-31,0.105039,0.159720,2.0251,0.034423,49.98
TGLS,2022,2021-12-31,0.184686,0.052651,1.7135,0.103693,118.50
USAC,2023,2022-12-31,0.065622,0.066173,8.5952,0.190497,135.93
WFRD,2023,2022-12-31,0.045601,0.060022,6.8431,0.030478,111.03
WNC,2023,2022-12-31,0.148846,0.060966,1.1003,0.022815,46.79
XPEL,2021,2020-12-31,0.280218,0.011456,1.0101,0.013566,55.47
CVCO,2018,2017-03-31,0.082197,0.037805,1.1802,0.006843,74.55
CVCO,2022,2021-04-03,0.081536,0.058798,0.7294,0.016834,133.56
CVNA,2019,2018-12-31,-0.262821,-0.568001,1.6265,0.073470,84.69
DAC,2021,2020-12-31,0.075137,0.187964,1.7302,0.369721,20.53
DIOD,2019,2018-12-31,0.082874,0.060987,1.7605,0.072082,114.43
ETSY,2018,2017-12-31,0.023376,0.023079,0.8448,0.029817,31.87
FORM,2020,2019-12-31,0.050838,0.051449,3.0765,0.035366,104.51
GOLF,2021,2020-12-31,0.084149,0.079387,2.6440,0.015305,159.84
GRBK,2021,2020-12-31,0.117396,0.027761,0.2983,0.002974,405.70
HBM,2021,2020-12-31,-0.007062,-0.066545,-1.6563,0.330629,64.68
MGRC,2020,2019-12-31,0.086543,0.004424,1.9420,0.315282,-37.12
MGRC,2023,2022-12-31,0.074025,-0.004522,1.6887,0.322978,-37.81
MHO,2020,2019-12-31,0.075904,0.055766,0.5144,0.001811,294.14
MRCY,2020,2019-06-30,0.045626,0.021485,2.0848,0.040766,195.36
MUSA,2020,2019-12-31,0.092178,0.029352,2.0239,0.014593,2.99
ROAD,2020,2019-09-30,0.101939,0.015971,1.2818,0.054235,54.55
ROAD,2021,2020-09-30,0.080564,0.056129,2.6099,0.066915,50.48
SAH,2020,2019-12-31,0.060883,0.033896,1.1853,0.012014,71.60
SAH,2022,2021-12-31,0.091281,0.003956,0.8779,0.024055,51.08
SSD,2020,2019-12-31,0.139464,0.046846,1.5350,0.033018,168.38
WING,2020,2019-12-31,0.246721,0.006346,1.8843,0.112612,-0.27
CCOI,2013,2012-12-31,0.054784,0.034554,-18.8057,0.139876,-9.81
CCOI,2014,2013-12-31,0.065048,0.017547,1.4439,0.140902,-2.13
CCOI,2020,2019-12-31,0.082973,0.033983,3.9661,0.085979,8.66
CHH,2015,2014-12-31,0.326433,0.049832,1.4931,0.027634,-6.38
CNK,2015,2014-12-31,0.064257,0.051321,2.3435,0.093150,-28.68
CPS,2016,2015-12-31,0.077017,0.077960,2.4191,0.049739,27.69
CSL,2013,2012-12-31,0.082210,0.094058,1.7983,0.049242,110.44
CTRE,2019,2018-12-31,0.066240,-0.005658,1.7153,0.692823,-364.70
CVLT,2012,2011-03-31,0.098922,0.028124,2.4952,0.012279,70.93
CVLT,2013,2012-03-31,0.121312,0.043043,3.1309,0.014253,48.23
DCOM,2016,2015-12-31,0.024220,0.044292,1.1202,0.008113,0.00
CE,2007,2006-12-31,0.077217,0.111098,1.8498,0.044321,69.04
CIR,2008,2007-12-31,0.081003,0.058948,1.5013,0.018000,142.22
CIR,2014,2013-12-31,0.090361,0.038679,1.5324,0.020200,141.25
CLH,2008,2007-12-31,0.092897,0.042405,1.8099,0.038576,47.73
CLH,2019,2018-12-31,0.040347,0.063221,5.6861,0.060004,61.00
CMC,2007,2006-08-31,0.213759,0.040097,0.6549,0.018196,63.34
CMC,2020,2019-08-31,0.081746,-0.055150,0.1868,0.023818,92.99
CMC,2022,2021-08-31,0.125103,0.011288,0.5534,0.027366,91.42
CRI,2009,2008-12-31,0.094726,0.134708,2.4464,0.025187,67.48
CW,2014,2013-12-31,0.056507,0.056625,1.7236,0.034107,174.03
DDS,2011,2010-01-30,0.035046,0.391872,8.0840,0.012059,75.44
DDS,2012,2011-01-29,0.064673,0.154175,2.8556,0.015688,74.74
DLX,2013,2012-12-31,0.172194,0.127957,1.4311,0.023236,-12.15
DRQ,2010,2009-12-31,0.147028,0.041439,1.2974,0.082837,354.86
DXPE,2013,2012-12-31,0.117175,0.052594,1.0043,0.012861,70.86
DY,2012,2011-07-30,0.017233,-0.003514,9.2559,0.056013,37.88
DY,2021,2020-01-25,0.044155,-0.044633,1.0137,0.036103,114.72
ENS,2008,2007-03-31,0.065059,0.037607,1.6019,0.028153,98.10
ENS,2014,2013-03-31,0.115977,0.087203,1.4816,0.024274,95.13
ENS,2019,2018-03-31,0.067225,0.047773,1.7612,0.027048,107.25
EPAC,2010,2009-08-31,0.048907,0.152719,10.6912,0.017304,68.93
EPAC,2023,2022-08-31,0.040371,0.037504,2.6408,0.014735,81.51
ESLT,2008,2007-12-31,0.059304,0.062902,3.4117,0.052582,142.48
ESLT,2016,2015-12-31,0.084360,0.088970,2.1020,0.031914,200.15
EVBG,2018,2017-12-31,-0.129039,-0.003579,-0.2477,0.075006,115.67
EVBG,2019,2018-12-31,-0.295251,-0.004313,-0.0693,0.070846,170.34
EVBG,2020,2019-12-31,-0.070708,-0.001070,-0.1975,0.065153,79.87
EXPE,2007,2006-12-31,0.032616,0.147996,2.5208,0.041398,-488.89
EXPE,2010,2009-12-31,0.092340,0.157499,2.2265,0.031135,-450.87
